Ingredient|Type|Category
Baby Duck(R) white wine|spirit|Wine
Babycham(R) Champagne|spirit|Wine
Blue Heron(R) wine|spirit|Wine
Broadbent Malmsey 10y|spirit|Wine
Burgundy wine|spirit|Wine
byrrh wine|spirit|Wine
Cabernet|spirit|Wine
Cabernet Sauvignon red wine|spirit|Wine
Chablis(R) white wine|spirit|Wine
Chandon Brut|spirit|Wine
Chardonnay|spirit|Wine
Chardonnay white wine|spirit|Wine
Chinese wine|spirit|Wine
claret|spirit|Wine
Danish cherry wine|spirit|Wine
Dow's 20 Year Tawny|spirit|Wine
dry red wine|spirit|Wine
dry sparkling wine|spirit|Wine
dry white wine|spirit|Wine
Dubonnet Blanc|spirit|Wine
Dubonnet Rouge|spirit|Wine
Dubonnet Rougue|spirit|Wine
Falerno del Massico(R) white wine|spirit|Wine
Fonseca Vintage 2007|spirit|Wine
ginger wine|spirit|Wine
green ginger wine|spirit|Wine
Harvey's Bristol Creme|spirit|Wine
Harveys(R) Bristol Cream sherry|spirit|Wine
House Wine|spirit|Wine
Icewine|spirit|Wine
Kina(R) Lillet Blanc wine|spirit|Wine
Lambrusco(R) red wine|spirit|Wine
LBV port|spirit|Wine
Lillet|spirit|Wine
Lillet(R) Blanc wine|spirit|Wine
lychee wine|spirit|Wine
Mad Dog(R) grape wine|spirit|Wine
Madeira|spirit|Wine
Malbec|spirit|Wine
Manischewitz(R) red wine|spirit|Wine
marsala white wine|spirit|Wine
MD 20/20(R) grape-flavored wine|spirit|Wine
Merlot red wine|spirit|Wine
Muscatel wine|spirit|Wine
Petit Syrah(R) wine|spirit|Wine
pineapple wine|spirit|Wine
Pineau des Charentes(R) red wine|spirit|Wine
Pineau des Charentes(R) white wine|spirit|Wine
Pinot Grigio|spirit|Wine
Pinot Grigio white wine|spirit|Wine
Pinot Gris|spirit|Wine
Pinot Noir|spirit|Wine
plum wine|spirit|Wine
Plums|spirit|Wine
Prosecco(R) sparkling wine|spirit|Wine
red Bordeaux wine|spirit|Wine
red Greek wine|spirit|Wine
red sparkling wine|spirit|Wine
Red wine|spirit|Wine
Reisling|spirit|Wine
Reunite Lambrusco|spirit|Wine
Rhone Blend|spirit|Wine
rice wine|spirit|Wine
Rose wine|spirit|Wine
sake rice wine|spirit|Wine
Sansachun(R) Korean wine|spirit|Wine
Sauternes white wine|spirit|Wine
sparkling Burgundy wine|spirit|Wine
Sparkling white wine|spirit|Wine
St. Raphael(R) Aperitif de France wine|spirit|Wine
Stone's(R) ginger wine|spirit|Wine
strawberry wine|spirit|Wine
Thunderbird(R) wine|spirit|Wine
White wine|spirit|Wine
Wild Irish Rose(R) wine|spirit|Wine
Wine|spirit|Wine
wine cooler|spirit|Wine
Zinfandel(R) white wine|spirit|Wine
American whiskey|spirit|Whiskey
Anchor Old Portero|spirit|Whiskey
Ardbeg 10y|spirit|Whiskey
Auchentoshan 3 Wood|spirit|Whiskey
Bailey's|spirit|Whiskey
Ballantine's(R) Scotch whisky|spirit|Whiskey
Balvenie 12 yr|spirit|Whiskey
Basil Hayden's|spirit|Whiskey
Basil Hayden's(R) bourbon whiskey|spirit|Whiskey
Black Velvet(R) Canadian whisky|spirit|Whiskey
Blanton's|spirit|Whiskey
Blanton's(R) bourbon whiskey|spirit|Whiskey
blended bourbon whiskey|spirit|Whiskey
Blended whiskey|spirit|Whiskey
bonded bourbon whiskey|spirit|Whiskey
Booker's|spirit|Whiskey
bourbon whiskey|spirit|Whiskey
Buffalo Trace|spirit|Whiskey
Bulleit Bourbon|spirit|Whiskey
Bulleit Rye|spirit|Whiskey
Bushmills|spirit|Whiskey
Bushmills(R) Irish Cream|spirit|Whiskey
Bushmills(R) Irish whiskey|spirit|Whiskey
Canadian Club(R) whisky|spirit|Whiskey
Canadian Mist(R) whisky|spirit|Whiskey
Canadian whisky|spirit|Whiskey
Celtic Heartland, Invergordon 1965|spirit|Whiskey
cherry whiskey|spirit|Whiskey
Chivas Regal 12y|spirit|Whiskey
Chivas Regal(R) Scotch whisky|spirit|Whiskey
Clan Macgregor(R) Scotch whisky|spirit|Whiskey
Crown Royal|spirit|Whiskey
Crown Royal(R) Canadian whisky|spirit|Whiskey
Crown Royal(R) Reserve Canadian whisky|spirit|Whiskey
Cutty Black(R) Scotch whisky|spirit|Whiskey
Cutty Sark(R) Scotch whisky|spirit|Whiskey
Cyrus Noble|spirit|Whiskey
Dalmore 12y|spirit|Whiskey
Dalwhinnie|spirit|Whiskey
Death's Door White|spirit|Whiskey
Dewar's 12y|spirit|Whiskey
Dewar's 18y|spirit|Whiskey
Dewars White Label|spirit|Whiskey
Dewar's(R) Scotch whisky|spirit|Whiskey
Dr. McGillicuddy's(R) Fireball Canadian whisky|spirit|Whiskey
Drambuie|spirit|Whiskey
Drambuie(R) Scotch whisky|spirit|Whiskey
Eagle Rare|spirit|Whiskey
Early Times(R) bourbon whiskey|spirit|Whiskey
Evan Williams(R) Bourbon Whiskey|spirit|Whiskey
Famous Grouse|spirit|Whiskey
Famous Grouse(R) Scotch whisky|spirit|Whiskey
Forty Creek|spirit|Whiskey
Forty Creek(R) Barrel Select Canadian whisky|spirit|Whiskey
Four Rose Single Barrel|spirit|Whiskey
Four Roses Bourbon|spirit|Whiskey
Four Roses Small Batch|spirit|Whiskey
Four Roses Yellow Label|spirit|Whiskey
Four Roses(R) bourbon whiskey|spirit|Whiskey
Gentleman Jack(R) bourbon whiskey|spirit|Whiskey
Gentleman's Jack|spirit|Whiskey
George Dickel|spirit|Whiskey
George Dickel(R) Tennessee whiskey|spirit|Whiskey
Georgia Moon(R) corn whiskey|spirit|Whiskey
Gibson's(R) Finest Canadian whisky|spirit|Whiskey
Glenfiddich 12y|spirit|Whiskey
Glenfiddich 15y|spirit|Whiskey
Glenfiddich 18y|spirit|Whiskey
Glenfiddich(R) Scotch whisky|spirit|Whiskey
Glenlivet|spirit|Whiskey
Glenlivet 12y|spirit|Whiskey
Glenlivet 15y|spirit|Whiskey
Glenlivet 21y|spirit|Whiskey
Glenlivet(R) Scotch whisky|spirit|Whiskey
Glenmorangie 10y|spirit|Whiskey
Glenmorangie 18y|spirit|Whiskey
Glenmorangie Signet|spirit|Whiskey
Glenrothes 1985|spirit|Whiskey
Great King St.|spirit|Whiskey
Heaven Hill(R) bourbon whiskey|spirit|Whiskey
Henry McKenna(R) bourbon whiskey|spirit|Whiskey
High West Double Rye|spirit|Whiskey
Highland Park 12 yr|spirit|Whiskey
Highland Park 18y|spirit|Whiskey
House Whiskey|spirit|Whiskey
Irish whiskey|spirit|Whiskey
J & B(R) Scotch whisky|spirit|Whiskey
J&B|spirit|Whiskey
Jack Daniels|spirit|Whiskey
Jack Daniels Single Barrel|spirit|Whiskey
Jack Daniel's(R) Old No.7 Tennessee whiskey|spirit|Whiskey
Jack Daniel's(R) Tennessee whiskey|spirit|Whiskey
Jameson|spirit|Whiskey
Jameson Rare Reserve|spirit|Whiskey
Jameson(R) Irish whiskey|spirit|Whiskey
Jeremiah Weed(R) bourbon whiskey|spirit|Whiskey
Jim Beam|spirit|Whiskey
Jim Beam Black Label bourbon whiskey|spirit|Whiskey
Jim Beam Rye|spirit|Whiskey
Jim Beam(R) bourbon whiskey|spirit|Whiskey
Jim Beam(R) rye whiskey|spirit|Whiskey
Jim Beam's(R) Choice bourbon whiskey|spirit|Whiskey
Johnnie Walker|spirit|Whiskey
Johnnie Walker Black Label|spirit|Whiskey
Johnnie Walker Blue Label|spirit|Whiskey
Johnnie Walker Gold Label|spirit|Whiskey
Johnnie Walker Green Label|spirit|Whiskey
Johnnie Walker Red Label|spirit|Whiskey
Johnnie Walker(R) Black Label Scotch whisky|spirit|Whiskey
Johnnie Walker(R) Red Label Scotch whisky|spirit|Whiskey
Johnnie Walker(R) Scotch whisky|spirit|Whiskey
Kentucky Gentleman(R) bourbon whiskey|spirit|Whiskey
Kentucky Tavern(R) bourbon whiskey|spirit|Whiskey
Kentucky Vintage 17yr|spirit|Whiskey
Knob Creek|spirit|Whiskey
Knob Creek Rye|spirit|Whiskey
Knob Creek(R) bourbon whiskey|spirit|Whiskey
Lagavulin 16y|spirit|Whiskey
Laphroaig 10 yr|spirit|Whiskey
Laphroaig 18 year|spirit|Whiskey
Laphroaig Qtr Cask|spirit|Whiskey
Leopold Bros Blackberry|spirit|Whiskey
Leopold Bros Peach|spirit|Whiskey
Lismore(R) scotch whisky|spirit|Whiskey
Lord Calvert(R) Canadian whisky|spirit|Whiskey
Macallan 10y|spirit|Whiskey
Macallan 12y|spirit|Whiskey
Macallan 18y|spirit|Whiskey
Macallan 25y|spirit|Whiskey
Makers Mark|spirit|Whiskey
Maker's Mark(R) bourbon whiskey|spirit|Whiskey
Michter's Straight Rye|spirit|Whiskey
moonshine whiskey|spirit|Whiskey
Oban|spirit|Whiskey
Oban 14y|spirit|Whiskey
Old Charter(R) bourbon whiskey|spirit|Whiskey
Old Crow(R) bourbon whiskey|spirit|Whiskey
Old Fitzgerald(R) bourbon whiskey|spirit|Whiskey
Old Grandad(R) bourbon whiskey|spirit|Whiskey
Old Overholt Rye|spirit|Whiskey
Old Overholt(R) rye whiskey|spirit|Whiskey
Old Potrero|spirit|Whiskey
Old Potrero(R) rye whiskey|spirit|Whiskey
Phillips Union(R) blended whiskey|spirit|Whiskey
Powers(R) Irish whiskey|spirit|Whiskey
Rebel Yell(R) bourbon whiskey|spirit|Whiskey
Redbreast 15 yr|spirit|Whiskey
Redemption Rye|spirit|Whiskey
Remy Martin|spirit|Whiskey
Ri1 Rye|spirit|Whiskey
Rowans Creek|spirit|Whiskey
Rye whiskey|spirit|Whiskey
Sazerac(R) rye bourbon whiskey|spirit|Whiskey
Scoresby(R) Scotch whisky|spirit|Whiskey
Seagram's(R) VO Canadian whisky|spirit|Whiskey
Tennessee whiskey|spirit|Whiskey
Tullamore Dew|spirit|Whiskey
Tullamore Dew(R) Irish whiskey|spirit|Whiskey
Whiskey|spirit|Whiskey
Whisky|spirit|Whiskey
Wild Turkey(R) 101 bourbon whiskey|spirit|Whiskey
Wild Turkey(R) bourbon whiskey|spirit|Whiskey
Wiser's(R) Canadian whisky|spirit|Whiskey
Woodford Reserve(R) bourbon whiskey|spirit|Whiskey
Balvenie Doublewood|spirit|Water
Bottled Water|mixer|Water
Carbonated water|mixer|Water
Clearly Canadian(R) sparkling water|mixer|Water
coconut water|mixer|Water
Fever Tree(R) tonic water|mixer|Water
George Dickel 12|spirit|Water
lime-flavored seltzer water|mixer|Water
mineral water|mixer|Water
orange flower water|mixer|Water
Orange-flower water|mixer|Water
peach-flavored water|mixer|Water
Perrier(R) lemon soda water|mixer|Water
Perrier(R) lime soda water|mixer|Water
Perrier(R) soda water|mixer|Water
raspberry soda water|mixer|Water
Red Zinfandel wine|spirit|Water
Rosewater|mixer|Water
Schweppes(R) Russian tonic water|mixer|Water
Schweppes(R) tonic water|mixer|Water
Tonic water|mixer|Water
100 proof vodka|spirit|Vodka
42 Below(R) vodka|spirit|Vodka
Absolut|spirit|Vodka
Absolut Apeach|spirit|Vodka
Absolut Citron|spirit|Vodka
Absolut Kurant|spirit|Vodka
Absolut Mandrin|spirit|Vodka
Absolut Peppar|spirit|Vodka
Absolut Vodka|spirit|Vodka
Absolut(R) 50 Red vodka|spirit|Vodka
Absolut(R) Apeach vodka|spirit|Vodka
Absolut(R) Citron vodka|spirit|Vodka
Absolut(R) citrus vodka|spirit|Vodka
Absolut(R) Kurant vodka|spirit|Vodka
Absolut(R) lemon vodka|spirit|Vodka
Absolut(R) Limon vodka|spirit|Vodka
Absolut(R) Mandrin vodka|spirit|Vodka
Absolut(R) peach vodka|spirit|Vodka
Absolut(R) Pears vodka|spirit|Vodka
Absolut(R) Peppar vodka|spirit|Vodka
Absolut(R) pepper vodka|spirit|Vodka
Absolut(R) Raspberri vodka|spirit|Vodka
Absolut(R) Ruby Red vodka|spirit|Vodka
Absolut(R) Vanilia vodka|spirit|Vodka
Absolut(R) vanilla vodka|spirit|Vodka
Absolut(R) vodka|spirit|Vodka
Absoult Citron|spirit|Vodka
Absoult Mandarin|spirit|Vodka
apple vodka|spirit|Vodka
Aristocrat(R) triple sec|spirit|Vodka
Aristocrat(R) vodka|spirit|Vodka
Banker's Club(R) vodka|spirit|Vodka
Belvedere|spirit|Vodka
Belvedere Orange|spirit|Vodka
Belvedere(R) vodka|spirit|Vodka
Bicardi Limon|spirit|Vodka
bison grass vodka|spirit|Vodka
blackcurrant vodka|spirit|Vodka
Blavod vodka|spirit|Vodka
Blavod(R) vodka|spirit|Vodka
blood orange vodka|spirit|Vodka
blueberry vodka|spirit|Vodka
Boris Jelzin(R) vodka|spirit|Vodka
Boru(R) vodka|spirit|Vodka
Burnett's(R) coconut vodka|spirit|Vodka
caramel vodka|spirit|Vodka
Cherry vodka|spirit|Vodka
chocolate vodka|spirit|Vodka
Ciroc|spirit|Vodka
Ciroc Coconut|spirit|Vodka
Ciroc Peach|spirit|Vodka
Ciroc(R) vodka|spirit|Vodka
Citrus vodka|spirit|Vodka
coconut vodka|spirit|Vodka
cossack vodka|spirit|Vodka
Cranberry vodka|spirit|Vodka
Crystal head|spirit|Vodka
Crystal Palace(R) vodka|spirit|Vodka
Danzka(R) grapefruit vodka|spirit|Vodka
Devil Springs(R) vodka|spirit|Vodka
Dooley's Original Toffee & Vodka|spirit|Vodka
Effen(R) black cherry vodka|spirit|Vodka
Finlandia|spirit|Vodka
Finlandia(R) cranberry vodka|spirit|Vodka
Finlandia(R) lime vodka|spirit|Vodka
Finlandia(R) mango vodka|spirit|Vodka
Finlandia(R) vodka|spirit|Vodka
Fire and Ice(R) vodka|spirit|Vodka
Fleissmann's(R) vodka|spirit|Vodka
Fris(R) apple vodka|spirit|Vodka
Fris(R) vodka|spirit|Vodka
ginger-infused vodka|spirit|Vodka
Goldenbarr(R) chocolate vodka|spirit|Vodka
Gordon's(R) vodka|spirit|Vodka
grape vodka|spirit|Vodka
green apple vodka|spirit|Vodka
Grey Goose Poire|spirit|Vodka
Grey Goose(R) La Poire vodka|spirit|Vodka
Grey Goose(R) Le Citron vodka|spirit|Vodka
Grey Goose(R) L'Orange vodka|spirit|Vodka
Grey Goose(R) vanilla vodka|spirit|Vodka
Grey Goose(R) vodka|spirit|Vodka
Hangar One|spirit|Vodka
Hangar One Citron|spirit|Vodka
Hangar One Lemon|spirit|Vodka
Hangar One Lime|spirit|Vodka
Hangar One Mandarin|spirit|Vodka
Hangar One Pear|spirit|Vodka
Hangar One Rasberry|spirit|Vodka
Hangar One(R) Mandarin Blossom vodka|spirit|Vodka
honey vodka|spirit|Vodka
House Vodka|spirit|Vodka
Iceberg(R) vodka|spirit|Vodka
Ikon(R) vodka|spirit|Vodka
Inferno(R) Pepper Pot vodka|spirit|Vodka
Jean-Marc XO|spirit|Vodka
Kamchatka(R) vodka|spirit|Vodka
Karlsson's Gold|spirit|Vodka
Keglevich(R) fresh mint vodka|spirit|Vodka
Ketel One|spirit|Vodka
Ketel One Citroen|spirit|Vodka
Ketel One(R) vodka|spirit|Vodka
Ketel Oranje|spirit|Vodka
Kleiner Feigling(R) vodka|spirit|Vodka
Lemon vodka|spirit|Vodka
Lime vodka|spirit|Vodka
Luksosawa|spirit|Vodka
mango vodka|spirit|Vodka
McCormick(R) peach vodka|spirit|Vodka
McCormick's(R) vodka|spirit|Vodka
Melon vodka|spirit|Vodka
Old Herold(R) Koniferum Borovicka vodka|spirit|Vodka
Oliphant(R) orange vodka|spirit|Vodka
OP(R) flavored vodka|spirit|Vodka
Orange Reef(R) vodka|spirit|Vodka
Orange vodka|spirit|Vodka
Peach Vodka|spirit|Vodka
Pear vodka|spirit|Vodka
pepper vodka|spirit|Vodka
Pineapple vodka|spirit|Vodka
Players Extreme(R) caramel-infused vodka|spirit|Vodka
Polish vodka|spirit|Vodka
Popov(R) vodka|spirit|Vodka
Potter's(R) vodka|spirit|Vodka
Pravda(R) vodka|spirit|Vodka
Pushckin(R) Black Sun vodka|spirit|Vodka
Raspberry vodka|spirit|Vodka
Roberto Cavalli(R) Vodka|spirit|Vodka
Russian Standard|spirit|Vodka
Russian vodka|spirit|Vodka
Seagram's(R) black cherry vodka|spirit|Vodka
Seagram's(R) espresso vodka|spirit|Vodka
Seagram's(R) vanilla vodka|spirit|Vodka
Seagram's(R) vodka|spirit|Vodka
Silent Sam(R) vodka|spirit|Vodka
Skyy(R) Blue vodka|spirit|Vodka
Skyy(R) citrus vodka|spirit|Vodka
Skyy(R) melon vodka|spirit|Vodka
Skyy(R) orange vodka|spirit|Vodka
Skyy(R) spiced vodka|spirit|Vodka
Skyy(R) vanilla vodka|spirit|Vodka
Skyy(R) vodka|spirit|Vodka
Smirnoff|spirit|Vodka
Smirnoff(R) apple vodka|spirit|Vodka
Smirnoff(R) Black Cherry Twist vodka|spirit|Vodka
Smirnoff(R) Blue Label vodka|spirit|Vodka
Smirnoff(R) Citrus Twist vodka|spirit|Vodka
Smirnoff(R) Cranberry Twist vodka|spirit|Vodka
Smirnoff(R) cranberry vodka|spirit|Vodka
Smirnoff(R) Green Apple Twist vodka|spirit|Vodka
Smirnoff(R) Lemon Twist vodka|spirit|Vodka
Smirnoff(R) lemon vodka|spirit|Vodka
Smirnoff(R) Lime Twist vodka|spirit|Vodka
Smirnoff(R) Maracuja Twist vodka|spirit|Vodka
Smirnoff(R) No. 21 Vodka|spirit|Vodka
Smirnoff(R) Orange Twist vodka|spirit|Vodka
Smirnoff(R) orange vodka|spirit|Vodka
Smirnoff(R) Raspberry Twist vodka|spirit|Vodka
Smirnoff(R) raspberry vodka|spirit|Vodka
Smirnoff(R) Red Label vodka|spirit|Vodka
Smirnoff(R) Silver Label vodka|spirit|Vodka
Smirnoff(R) Strawberry Twist vodka|spirit|Vodka
Smirnoff(R) Vanilla Twist vodka|spirit|Vodka
Smirnoff(R) vodka|spirit|Vodka
Smirnoff(R) Watermelon Twist vodka|spirit|Vodka
Smirnoff(R) watermelon vodka|spirit|Vodka
Stoli(R) Blueberi vodka|spirit|Vodka
Stoli(R) Citros vodka|spirit|Vodka
Stoli(R) Kafya vodka|spirit|Vodka
Stoli(R) Limonnaya vodka|spirit|Vodka
Stoli(R) Ohranj vodka|spirit|Vodka
Stoli(R) Persik vodka|spirit|Vodka
Stoli(R) Pertsovka vodka|spirit|Vodka
Stoli(R) Razberi vodka|spirit|Vodka
Stoli(R) Strasberi vodka|spirit|Vodka
Stoli(R) Vanil vodka|spirit|Vodka
Stoli(R) Zinamon vodka|spirit|Vodka
Stolichnaya(R) lemon vodka|spirit|Vodka
Stolichnaya(R) orange vodka|spirit|Vodka
Stolichnaya(R) raspberry vodka|spirit|Vodka
Stolichnaya(R) strawberry vodka|spirit|Vodka
Stolichnaya(R) vanilla vodka|spirit|Vodka
Stolichnaya(R) vodka|spirit|Vodka
Strawberry vodka|spirit|Vodka
Svedka(R) Citron vodka|spirit|Vodka
Svedka(R) clementine vodka|spirit|Vodka
Svedka(R) raspberry vodka|spirit|Vodka
Svedka(R) vodka|spirit|Vodka
Tanqueray(R) Sterling vodka|spirit|Vodka
Thor's(R) Hammer vodka|spirit|Vodka
Three Olives(R) cherry vodka|spirit|Vodka
Three Olives(R) grape vodka|spirit|Vodka
Three Olives(R) orange vodka|spirit|Vodka
Three Olives(R) vanilla vodka|spirit|Vodka
Three Olives(R) vodka|spirit|Vodka
Triple Eight(R) cranberry vodka|spirit|Vodka
Triple Eight(R) orange vodka|spirit|Vodka
Triple Eight(R) vodka|spirit|Vodka
Ultimat(R) chocolate vanilla vodka|spirit|Vodka
UV(R) blue raspberry vodka|spirit|Vodka
UV(R) cherry vodka|spirit|Vodka
UV(R) Citruv citrus vodka|spirit|Vodka
UV(R) Green Apple vodka|spirit|Vodka
UV(R) orange vodka|spirit|Vodka
Vanilla vodka|spirit|Vodka
Vincent Van Gogh(R) apple vodka|spirit|Vodka
Vincent Van Gogh(R) Dutch chocolate vodka|spirit|Vodka
Vincent Van Gogh(R) Espresso vodka|spirit|Vodka
Vincent Van Gogh(R) raspberry vodka|spirit|Vodka
Vladivar(R) vodka|spirit|Vodka
Vodka|spirit|Vodka
watermelon vodka|spirit|Vodka
WKD(R) Original Vodka Blue|spirit|Vodka
WKD(R) Original Vodka Iron Brew|spirit|Vodka
Wyborowa(R) vodka|spirit|Vodka
Zubrowka(R) vodka|spirit|Vodka
Carrot|mixer|Vegetable
Grey Goose|spirit|Vegetable
Herradara Resposado|spirit|Tequila
Hussong Reposado|spirit|Tequila
1800(R) Reposado Tequila|spirit|Tequila
1800(R) Silver Tequila|spirit|Tequila
Agavero(R) tequila spirit|spirit|Tequila
aged tequila|spirit|Tequila
Cabo Wabo(R) anejo tequila|spirit|Tequila
Casa Dragones Joven|spirit|Tequila
Casa Noble(R) gold tequila|spirit|Tequila
Casa Noble(R) Reposado tequila|spirit|Tequila
Casadores(R) Bianco tequila|spirit|Tequila
Cazadores Anejo|spirit|Tequila
Cazadores Blanco|spirit|Tequila
Cazadores Reposado|spirit|Tequila
Cazadores(R) tequila|spirit|Tequila
Chamucos Reposado|spirit|Tequila
Chinaco|spirit|Tequila
Chinaco Blanco|spirit|Tequila
Clase Azul-Plata|spirit|Tequila
Clase Azul-Repo|spirit|Tequila
Coquila(R) tequila cream spirit|spirit|Tequila
Correlejo Anejo|spirit|Tequila
Correlejo Blanco|spirit|Tequila
Correlejo Reposado|spirit|Tequila
Corzo Anejo|spirit|Tequila
Corzo Reposado|spirit|Tequila
Corzo Silver|spirit|Tequila
Don Julio 1942|spirit|Tequila
Don Julio Anejo|spirit|Tequila
Don Julio Blanco|spirit|Tequila
Don Julio Repo|spirit|Tequila
Don Julio(R) Blanco tequila|spirit|Tequila
El Tesoro  Blanco|spirit|Tequila
El Tesoro  Paradiso|spirit|Tequila
El Tesoro  Reposado|spirit|Tequila
El Tesoro Anejo|spirit|Tequila
El Tesoro(R) Reposado tequila|spirit|Tequila
Espelon Silver|spirit|Tequila
Espolon-Blanco|spirit|Tequila
Espolon-Repo|spirit|Tequila
Fortaleza-Anejo|spirit|Tequila
Fortaleza-Blanco|spirit|Tequila
Fortaleza-Repo|spirit|Tequila
Gold tequila|spirit|Tequila
Gran Centenario|spirit|Tequila
Gran Centenario Roseangel|spirit|Tequila
Herradura|spirit|Tequila
Herradura Silver|spirit|Tequila
Herradura(R) silver tequila|spirit|Tequila
Hornitos Reposado|spirit|Tequila
House Tequila|spirit|Tequila
Jose Cuervo|spirit|Tequila
Jose Cuervo(R) 1800 tequila|spirit|Tequila
Jose Cuervo(R) Citrico Tequila|spirit|Tequila
Jose Cuervo(R) Clasico silver tequila|spirit|Tequila
Jose Cuervo(R) Especial gold tequila|spirit|Tequila
Jose Cuervo(R) gold tequila|spirit|Tequila
Jose Cuervo(R) silver tequila|spirit|Tequila
Jose Cuervo(R) white tequila|spirit|Tequila
Maestro Dobel|spirit|Tequila
Margaritaville(R) gold tequila|spirit|Tequila
Milagro|spirit|Tequila
Milagro(R) blanco tequila|spirit|Tequila
Montezuma(R) gold tequila|spirit|Tequila
Nacional(R) silver tequila|spirit|Tequila
Ocho Anejo|spirit|Tequila
Ocho Plata|spirit|Tequila
Ocho Reposado|spirit|Tequila
Partida(R) Tequila Blanco|spirit|Tequila
Partida-Anejo|spirit|Tequila
Partida-Blanco|spirit|Tequila
Partida-Repo|spirit|Tequila
Patron Anejo|spirit|Tequila
Patron Blanco|spirit|Tequila
Patron Cafe|spirit|Tequila
Patron Gran Burdeos|spirit|Tequila
Patron Gran Platinum|spirit|Tequila
Patron Reposado|spirit|Tequila
Patron(R) silver tequila|spirit|Tequila
Pueblo Viejo Silver|spirit|Tequila
Pura Vida Silver|spirit|Tequila
Revolucion Anejo|spirit|Tequila
Revolucion Reposado|spirit|Tequila
Revolucion Silver|spirit|Tequila
Revolucion Silver 100 proof|spirit|Tequila
Sauza(R) blanco tequila|spirit|Tequila
Sauza(R) Conmemorativo tequila|spirit|Tequila
Sauza(R) Hornitos Reposado tequila|spirit|Tequila
Sauza(R) tequila|spirit|Tequila
Sauza(R) Tres Generaciones reposado tequila|spirit|Tequila
silver tequila|spirit|Tequila
Tarantula Azul Tequila|spirit|Tequila
Tequila|spirit|Tequila
Tequila Ocho Las Pomez '09 Blanco|spirit|Tequila
Tequila Ocho Las Pomez '09 Reposado|spirit|Tequila
Tequila Ocho S. Augustin '10|spirit|Tequila
Tequila Rose|spirit|Tequila
Tequila Rose(R) strawberry cream spirit|spirit|Tequila
Two Fingers(R) gold tequila|spirit|Tequila
white tequila|spirit|Tequila
AriZona(R) iced tea|mixer|Tea
green tea|mixer|Tea
Lipton(R) Brisk iced tea|mixer|Tea
Lipton(R) iced tea|mixer|Tea
Lipton(R) peach iced tea|mixer|Tea
Milo's(R) sweet tea|mixer|Tea
Nestea(R) diet iced tea|mixer|Tea
Nestea(R) iced tea|mixer|Tea
Nestea(R) peach iced tea|mixer|Tea
Nestea(R) raspberry iced tea|mixer|Tea
Almond syrup|mixer|Syrup
Banana syrup|mixer|Syrup
blueberry syrup|mixer|Syrup
caramel syrup|mixer|Syrup
Cherry syrup|mixer|Syrup
chocolate shell syrup|mixer|Syrup
Chocolate syrup|mixer|Syrup
clove syrup|mixer|Syrup
Coconut syrup|mixer|Syrup
Corn syrup|mixer|Syrup
Cortas(R) grenadine syrup|mixer|Syrup
currant syrup|mixer|Syrup
DaVinci Gourmet(R) vanilla syrup|mixer|Syrup
falernum syrup|mixer|Syrup
Fruit syrup|mixer|Syrup
gomme syrup|mixer|Syrup
grenadine syrup|mixer|Syrup
Guava syrup|mixer|Syrup
Hershey's(R) caramel syrup|mixer|Syrup
Hershey's(R) chocolate syrup|mixer|Syrup
honey syrup|mixer|Syrup
kiwi syrup|mixer|Syrup
lemon syrup|mixer|Syrup
Mango syrup|mixer|Syrup
Maple syrup|mixer|Syrup
maracuja syrup|mixer|Syrup
maraschino syrup|mixer|Syrup
Mint syrup|mixer|Syrup
Monin(R) apple syrup|mixer|Syrup
Monin(R) blue curacao syrup|mixer|Syrup
Monin(R) cherry syrup|mixer|Syrup
Monin(R) cinnamon syrup|mixer|Syrup
Monin(R) coconut syrup|mixer|Syrup
Monin(R) gingerbread syrup|mixer|Syrup
Monin(R) hazelnut syrup|mixer|Syrup
Nestle(R) chocolate syrup|mixer|Syrup
orange syrup|mixer|Syrup
Orgeat syrup|mixer|Syrup
Passion fruit syrup|mixer|Syrup
passion-fruit syrup|mixer|Syrup
pear syrup|mixer|Syrup
pineapple syrup|mixer|Syrup
Raspberry syrup|mixer|Syrup
rock candy syrup|mixer|Syrup
Blackcurrant squash|mixer|Squash
Carbonated soft drink|mixer|Soft Drink
Chinotto|mixer|Soft Drink
Coca-Cola|mixer|Soft Drink
Coca-Cola(R)|mixer|Soft Drink
Coca-Cola(R) Blak|mixer|Soft Drink
Coca-Cola(R) Cherry Coke|mixer|Soft Drink
Coca-Cola(R) Diet Coke|mixer|Soft Drink
Coca-Cola(R) Diet Lime Coke|mixer|Soft Drink
Coca-Cola(R) Vanilla Coke|mixer|Soft Drink
Countrytime(R) pink lemonade|mixer|Soft Drink
Countrytime(R) yellow lemonade|mixer|Soft Drink
Diet Cola|mixer|Soft Drink
Fanta|mixer|Soft Drink
Mountain Dew|mixer|Soft Drink
Mountain Dew(R) Livewire|mixer|Soft Drink
Pepsi Cola|mixer|Soft Drink
Pepsi(R) cola|mixer|Soft Drink
Pepsi(R) Diet|mixer|Soft Drink
Pepsi(R) Twist cola|mixer|Soft Drink
Pepsi(R) Vanilla cola|mixer|Soft Drink
Pepsi(R) Wild Cherry cola|mixer|Soft Drink
7-Up|mixer|Soda
7-Up Plus soda|mixer|Soda
7-Up(R) cherry soda|mixer|Soda
7-Up(R) Diet soda|mixer|Soda
7-Up(R) Plus Island Fruit soda|mixer|Soda
7-Up(R) soda|mixer|Soda
99 Apples(R) apple schnapps|mixer|Soda
99 Bananas(R) banana schnapps|mixer|Soda
99 Blackberries(R) blackberry schnapps|mixer|Soda
99 Oranges(R) orange schnapps|mixer|Soda
A&W(R) cream soda|mixer|Soda
A&W(R) root beer|mixer|Soda
Ale-8-One(R) soda|mixer|Soda
bitter lemon soda|mixer|Soda
black cherry soda|mixer|Soda
Cactus Cooler(R) orange-pineapple soda|mixer|Soda
Canada Dry(R) cranberry soda|mixer|Soda
Canada Dry(R) orange soda|mixer|Soda
cherry cider soda|mixer|Soda
citrus soda|mixer|Soda
Club soda|mixer|Soda
cranberry soda|mixer|Soda
Cream soda|mixer|Soda
DeKuyper(R) Cactus Juice schnapps|mixer|Soda
Diet Lemon Lime Soda|mixer|Soda
Dr. Brown's(R) Cel-Ray soda|mixer|Soda
Dr. Pepper vanilla soda|mixer|Soda
Dr. Pepper(R) Cherry Vanilla soda|mixer|Soda
Dr. Pepper(R) soda|mixer|Soda
elderflower syrup|mixer|Soda
energy soda|mixer|Soda
Fanta(R) blueberry soda|mixer|Soda
Fanta(R) orange soda|mixer|Soda
Faxe Kondi(R) soda|mixer|Soda
Faygo(R) Classic blueberry soda|mixer|Soda
Faygo(R) grape soda|mixer|Soda
Faygo(R) peach soda|mixer|Soda
Faygo(R) rock & rye soda|mixer|Soda
Fresca(R) Black Cherry soda|mixer|Soda
Fresca(R) citrus soda|mixer|Soda
Fresca(R) grapefruit soda|mixer|Soda
Fresca(R) lemon-lime soda|mixer|Soda
Fresca(R) peach soda|mixer|Soda
Gatorade(R) orange soda|mixer|Soda
Grape soda|mixer|Soda
Grapefruit schnapps|mixer|Soda
grapefruit soda|mixer|Soda
Grapefruit-lemon soda|mixer|Soda
green apple soda|mixer|Soda
Hi-C(R) orange soda|mixer|Soda
Jones(R) Blue Bubble-gum soda|mixer|Soda
Jones(R) cream soda|mixer|Soda
Jones(R) FuFu berry soda|mixer|Soda
Jones(R) green apple soda|mixer|Soda
Lemon Lime Soda|mixer|Soda
Lemon soda|mixer|Soda
Lemon-lime soda|mixer|Soda
lychee soda|mixer|Soda
mandarin soda|mixer|Soda
Mello Yello(R) citrus soda|mixer|Soda
Minute Maid(R) limeade soda|mixer|Soda
Mountain Dew(R) Baja Blast lime soda|mixer|Soda
Mountain Dew(R) citrus soda|mixer|Soda
Mountain Dew(R) Code Red soda|mixer|Soda
Mountain Dew(R) lime soda|mixer|Soda
Mountain Dew(R) Pitch Black soda|mixer|Soda
NuGrape(R) soda|mixer|Soda
Orange soda|mixer|Soda
Orangina(R) orange soda|spirit|Soda
peach soda|mixer|Soda
Pepsi(R) Orange Slice soda|mixer|Soda
Pepsi(R) Slice soda|mixer|Soda
Pineapple soda|mixer|Soda
raspberry soda|mixer|Soda
San Pellegrino(R) Aranciata orange soda|mixer|Soda
San Pellegrino(R) chinotto soda|mixer|Soda
San Pellegrino(R) Limonata soda|mixer|Soda
Schweppes(R) bitter lemon soda|mixer|Soda
Schweppes(R) citrus soda|mixer|Soda
Schweppes(R) club soda|mixer|Soda
Schweppes(R) cream soda|mixer|Soda
Schweppes(R) Duet soda|mixer|Soda
Schweppes(R) lemon soda|mixer|Soda
soda|mixer|Soda
Vernors(R) Original ginger soda|mixer|Soda
Vess(R) cream soda|mixer|Soda
Welch's(R) grape soda|mixer|Soda
A1(R) steak sauce|mixer|Sauce
apple sauce|mixer|Sauce
caramel sauce|mixer|Sauce
Chili sauce|mixer|Sauce
chocolate sauce|mixer|Sauce
Frank's(R) Original red hot sauce|mixer|Sauce
habanero pepper sauce|mixer|Sauce
hot pepper sauce|mixer|Sauce
Hot Sauce From Hell(R) pepper sauce|mixer|Sauce
Lea & Perrins(R) Worcestershire sauce|mixer|Sauce
lime soda|mixer|Sauce
Louisiana hot sauce|mixer|Sauce
Pepper sauce|mixer|Sauce
smoky barbecue sauce|mixer|Sauce
sweet and sour sauce|mixer|Sauce
tomato ketchup|mixer|Sauce
Gekkaikan sake|spirit|Sake
151 proof rum|spirit|Rum
Admiral Nelson(R) spiced rum|spirit|Rum
Admiral Nelson's(R) coconut rum|spirit|Rum
aged rum|spirit|Rum
amber rum|spirit|Rum
Anejo rum|spirit|Rum
apple rum|spirit|Rum
Appleton Estate(R) 151 proof Jamaican rum|spirit|Rum
Appleton Estate(R) Dark Jamaica rum|spirit|Rum
Appleton Estate(R) V/X Jamaican rum|spirit|Rum
Appleton Estate(R) white rum|spirit|Rum
Bacardi|spirit|Rum
Bacardi 151|spirit|Rum
Bacardi 8|spirit|Rum
Bacardi Gold|spirit|Rum
Bacardi Limon|spirit|Rum
Bacardi Silver(R) drink|spirit|Rum
Bacardi(R) 151 rum|spirit|Rum
Bacardi(R) 8 rum|spirit|Rum
Bacardi(R) anejo rum|spirit|Rum
Bacardi(R) apple rum|spirit|Rum
Bacardi(R) Big Apple rum|spirit|Rum
Bacardi(R) black rum|spirit|Rum
Bacardi(R) Ciclon gold rum|spirit|Rum
Bacardi(R) Coco rum|spirit|Rum
Bacardi(R) dark rum|spirit|Rum
Bacardi(R) gold rum|spirit|Rum
Bacardi(R) Grand Melon rum|spirit|Rum
Bacardi(R) lemon rum|spirit|Rum
Bacardi(R) light rum|spirit|Rum
Bacardi(R) Limon rum|spirit|Rum
Bacardi(R) O rum|spirit|Rum
Bacardi(R) orange rum|spirit|Rum
Bacardi(R) Peach Red rum|spirit|Rum
Bacardi(R) raspberry rum|spirit|Rum
Bacardi(R) Razz rum|spirit|Rum
Bacardi(R) Select rum|spirit|Rum
Bacardi(R) Silver O3|spirit|Rum
Bacardi(R) silver rum|spirit|Rum
Bacardi(R) spiced rum|spirit|Rum
Bacardi(R) Superior rum|spirit|Rum
Bacardi(R) Tropico rum|spirit|Rum
Bacardi(R) Vanil rum|spirit|Rum
Bacardi(R) vanilla rum|spirit|Rum
Bacardi(R) white rum|spirit|Rum
Banana rum|spirit|Rum
Barbados dark rum|spirit|Rum
Barbancourt 3 Star|spirit|Rum
Black rum|spirit|Rum
Blackbeard's(R) spiced rum|spirit|Rum
Brugal Anejo|spirit|Rum
Brugal Blanco|spirit|Rum
Bundaberg(R) amber rum|spirit|Rum
Bundaberg(R) dark rum|spirit|Rum
Cabana Boy(R) pineapple coconut rum|spirit|Rum
Captain Morgan|spirit|Rum
Captain Morgan(R) coconut rum|spirit|Rum
Captain Morgan(R) Original spiced rum|spirit|Rum
Captain Morgan(R) Parrot Bay coconut rum|spirit|Rum
Captain Morgan(R) Parrot Bay mango rum|spirit|Rum
Captain Morgan(R) Parrot Bay pineapple rum|spirit|Rum
Captain Morgan(R) Private Stock dark rum|spirit|Rum
Captain Morgan(R) Silver spiced rum|spirit|Rum
Captain Morgan(R) spiced rum|spirit|Rum
Captain Morgan(R) Tattoo orange rum|spirit|Rum
Captain Morgan's(R) Parrot Bay passion fruit rum|spirit|Rum
Coconut rum|spirit|Rum
CocoRibe(R) coconut rum|spirit|Rum
Cruzan Coconut|spirit|Rum
Cruzan Light|spirit|Rum
Cruzan Single Malt|spirit|Rum
Cruzan(R) banana rum|spirit|Rum
Cruzan(R) black rum|spirit|Rum
Cruzan(R) coconut rum|spirit|Rum
Cruzan(R) mango rum|spirit|Rum
Cruzan(R) pineapple rum|spirit|Rum
Dark rum|spirit|Rum
Dimplomatico|spirit|Rum
Don Q(R) 151 rum|spirit|Rum
Don Q(R) Cristal rum|spirit|Rum
Flor de Cana 12yr|spirit|Rum
Flor de Cana 7yr|spirit|Rum
Flor de Cana-Silver|spirit|Rum
Gold rum|spirit|Rum
Goslings Black Seal|spirit|Rum
Goslings Dark|spirit|Rum
Gosling's(R) black rum|spirit|Rum
Gosling's(R) Black Seal rum|spirit|Rum
Haitian dark rum|spirit|Rum
Havana Club(R) 7 Years rum|spirit|Rum
Havana Club(R) Anejo Especial rum|spirit|Rum
Havana Club(R) Anejo Reserva rum|spirit|Rum
Havana Club(R) dark rum|spirit|Rum
Havana Club(R) white rum|spirit|Rum
House Rum|spirit|Rum
Jack Iron(R) strong Caribbean rum|spirit|Rum
Jamaican dark rum|spirit|Rum
Lamb's(R) navy rum|spirit|Rum
lemon rum|spirit|Rum
Light rum|spirit|Rum
Malibu|spirit|Rum
Malibu rum|spirit|Rum
Malibu(R) banana rum|spirit|Rum
Malibu(R) coconut rum|spirit|Rum
Malibu(R) mango rum|spirit|Rum
Malibu(R) passion fruit rum|spirit|Rum
Malibu(R) pineapple rum|spirit|Rum
mango rum|spirit|Rum
Manila(R) dark rum|spirit|Rum
Mantusalem Gran Rsrv.|spirit|Rum
Martinique rum|spirit|Rum
Military Special(R) white rum|spirit|Rum
Mount Gay Eclipse|spirit|Rum
Mount Gay(R) Barbados rum|spirit|Rum
Mount Gay(R) mango rum|spirit|Rum
Myers Original Dark|spirit|Rum
Myers Platinum|spirit|Rum
Myers White|spirit|Rum
Myer's(R) dark rum|spirit|Rum
Newfoundland Screech(R) dark rum|spirit|Rum
Orange rum|spirit|Rum
Ovaltine(R) cocoa|spirit|Rum
overproof rum|spirit|Rum
Pineapple rum|spirit|Rum
Puerto Rican dark rum|spirit|Rum
Pusser's(R) dark rum|spirit|Rum
Pyrat Xo Reserve|spirit|Rum
raspberry rum|spirit|Rum
RedRum|spirit|Rum
RedRum(R) rum|spirit|Rum
Rhum Barbancourt|spirit|Rum
Rhum JM White|spirit|Rum
Ron Barcelo(R) Imperial premium blend rum|spirit|Rum
Rum|spirit|Rum
Sagatiba Pura|spirit|Rum
Sailor Jerry(R) spiced navy rum|spirit|Rum
Santa Cruz(R) rum|spirit|Rum
silver rum|spirit|Rum
Sir Francis Drake(R) spiced rum|spirit|Rum
Spiced rum|spirit|Rum
St. Vincent(R) Sunset 169 proof rum|spirit|Rum
Stroh(R) 60 rum|spirit|Rum
Stroh(R) 80 rum|spirit|Rum
vanilla rum|spirit|Rum
Whaler's(R) Killer Coconut rum|spirit|Rum
Whaler's(R) Pineapple Paradise rum|spirit|Rum
Whaler's(R) vanilla rum|spirit|Rum
White rum|spirit|Rum
Kerns(R) pear nectar|mixer|Nectar
Kern's(R) strawberry nectar|mixer|Nectar
Kerns(R) strawberry-banana nectar|mixer|Nectar
Hershey's(R) chocolate milk|mixer|Milk
Nesquik(R) chocolate milk|mixer|Milk
Absente(R) herbal spirit|spirit|Liquor
Absinth(R) absinthe herbal spirit|spirit|Liquor
Absinth(R) King of Spirits Gold spirit|spirit|Liquor
Absinthe|spirit|Liquor
absinthe herbal spirit|spirit|Liquor
acai juice|mixer|Juice
agave juice|mixer|Juice
Apple juice|mixer|Juice
Apple-cranberry juice|mixer|Juice
apricot juice|mixer|Juice
Aqualibra(R) fruit juice|mixer|Juice
banana juice|mixer|Juice
blackberry juice|mixer|Juice
blackcurrant juice|mixer|Juice
blood-orange juice|mixer|Juice
blueberry juice|mixer|Juice
cactus fruit juice|mixer|Juice
Capri Sun(R) Wild Cherry juice|mixer|Juice
carrot juice|mixer|Juice
Ceres(R) guava juice|mixer|Juice
Ceres(R) passion-fruit juice|mixer|Juice
Cherry juice|mixer|Juice
Chiquita Kiwi-Strawberry Juice|mixer|Juice
citrus juice|mixer|Juice
clam juice|mixer|Juice
Clamato juice|mixer|Juice
coconut juice|mixer|Juice
Cranberry juice|mixer|Juice
cranberry juice cocktail|mixer|Juice
cranberry-apple juice|mixer|Juice
cranberry-grape juice|mixer|Juice
cranberry-raspberry juice|mixer|Juice
dill juice|mixer|Juice
Dole Pineapple Passion Mango juice|mixer|Juice
Dole Pine-Orange-Banana Juice|mixer|Juice
Dole(R) grapefruit juice|mixer|Juice
Dole(R) orange juice|mixer|Juice
Dole(R) orange peach-mango juice|mixer|Juice
Dole(R) pineapple juice|mixer|Juice
Everfresh(R) orange juice|mixer|Juice
fieldberry juice|mixer|Juice
Five Alive(R) fruit juice|mixer|Juice
Fresca|mixer|Juice
Fresh Samantha(R) mango juice|mixer|Juice
Fruit juice|mixer|Juice
Fruit punch|mixer|Juice
Fruitopia(R) fruit juice|mixer|Juice
Fruits of the Forest(R) fruit juice|mixer|Juice
Grape juice|mixer|Juice
Grapefruit juice|mixer|Juice
Guava juice|mixer|Juice
guava nectar|mixer|Juice
Hawaiian Punch|mixer|Juice
Hawaiian Punch(R)|mixer|Juice
Hawaiian Punch(R) Blue Berry Typhoon|mixer|Juice
Hawaiian Punch(R) Fruit Juicy Red|mixer|Juice
Hawaiian Punch(R) Green Berry Rush|mixer|Juice
Hawaiian Sun(R) passion-fruit drink|mixer|Juice
juice|mixer|Juice
Juicy Juice(R) orange tangerine juice|mixer|Juice
Juicy Juice(R) peach juice|mixer|Juice
Juicy Juice(R) Tropical juice|mixer|Juice
Juicy Juice(R) watermelon juice|mixer|Juice
Kerns(R) guava juice|mixer|Juice
key lime juice|mixer|Juice
kiwi juice|mixer|Juice
kiwi-strawberry juice|mixer|Juice
Lemon and lime juice|mixer|Juice
Lemon juice|mixer|Juice
Lime juice|mixer|Juice
Lime juice cordial|mixer|Juice
lime sherbet|mixer|Juice
lychee juice|mixer|Juice
mandarin juice|mixer|Juice
Mango juice|mixer|Juice
maracuja juice|mixer|Juice
Maraschino cherry juice|mixer|Juice
melon juice|mixer|Juice
Meyer lemon juice|mixer|Juice
Minute Maid(R) berry punch|mixer|Juice
Minute Maid(R) cherry limeade|mixer|Juice
Minute Maid(R) cherry punch|mixer|Juice
Minute Maid(R) fruit punch|mixer|Juice
Minute Maid(R) grape punch|mixer|Juice
Minute Maid(R) lemonade|mixer|Juice
Minute Maid(R) orange juice|mixer|Juice
Minute Maid(R) pink lemonade|mixer|Juice
Mott's(R) clamato juice|mixer|Juice
Naked Juice(R) Mighty Mango Smoothie|mixer|Juice
Nellie & Joe's(R) Key West lime juice|mixer|Juice
Ocean Spray Cranberry-Raspberry Juice|mixer|Juice
Ocean Spray Kiwi-Strawberry Juice|mixer|Juice
Ocean Spray White Cranberry & Strawberry Juice|mixer|Juice
Ocean Spray(R) cranberry juice|mixer|Juice
Ocean Spray(R) Cranberry Juice Cocktail|mixer|Juice
Ocean Spray(R) cranberry-cherry juice|mixer|Juice
Ocean Spray(R) cran-grape juice|mixer|Juice
Ocean Spray(R) cran-mango juice|mixer|Juice
Ocean Spray(R) grapefruit juice|mixer|Juice
Ocean Spray(R) mango juice|mixer|Juice
Ocean Spray(R) pineapple juice|mixer|Juice
Ocean Spray(R) Ruby Red grapefruit juice|mixer|Juice
Ocean Spray(R) white cranberry juice|mixer|Juice
Old Orchard(R) pomegranate blueberry juice|mixer|Juice
Olive juice|mixer|Juice
Orange juice|mixer|Juice
orange-pineapple juice|mixer|Juice
Papaya juice|mixer|Juice
Passion fruit juice|mixer|Juice
passion-fruit juice|mixer|Juice
Peach juice|mixer|Juice
peach papaya juice|mixer|Juice
Pear juice|mixer|Juice
persimmon juice|mixer|Juice
pickle juice|mixer|Juice
Pimp(R) apple juice|mixer|Juice
Pina Colada|mixer|Juice
Pineapple juice|mixer|Juice
Pineapple-coconut juice|mixer|Juice
Pineapple-orange juice|mixer|Juice
Pineapple-orange-banana juice|mixer|Juice
pineapple-starfruit juice|mixer|Juice
pine-mango-guava juice|mixer|Juice
pine-orange-banana juice|mixer|Juice
pink grapefruit juice|mixer|Juice
Plum Juice|mixer|Juice
POM(R) pomegranate juice|mixer|Juice
pomegranate juice|mixer|Juice
Prune juice|mixer|Juice
Raspberry juice|mixer|Juice
Red Grapefruit Juice|mixer|Juice
redcurrant juice|mixer|Juice
Rose's sweetened lime juice|mixer|Juice
Rose's(R) lime juice|mixer|Juice
ruby grapefruit juice|mixer|Juice
Rumba(R) energy juice|mixer|Juice
Sobe(R) Lizard Blizzard juice|mixer|Juice
SoBe(R) Synergy mango-orange juice|mixer|Juice
SoBe(R) Tsunami orange juice|mixer|Juice
sour cherry juice|mixer|Juice
sparkling apple juice|mixer|Juice
Spicy Hot V8 Juice|mixer|Juice
Stewart's(R) key lime juice|mixer|Juice
Strawberry juice|mixer|Juice
sugar cane juice|mixer|Juice
Sunny Delight(R) California Style orange juice|mixer|Juice
Sunny Delight(R) Florida Style orange juice|mixer|Juice
Sunny Delight(R) orange juice|mixer|Juice
Tampico(R) orange juice|mixer|Juice
tangerine juice|mixer|Juice
tangerine-grapefruit juice|mixer|Juice
Texsun Orange Pineapple Juice|mixer|Juice
Tomato juice|mixer|Juice
Tropicana|mixer|Juice
Tropicana(R) orange juice|mixer|Juice
Tropicana(R) Orange Strawberry Banana juice|mixer|Juice
Tropicana(R) Peach Orchard Punch juice|mixer|Juice
Tropicana(R) Tropical Fruit Furry Twister|mixer|Juice
Tropicana(R) Twister Orange Cranberry Clash juice|mixer|Juice
Tropicana(R) Twister watermelon-strawberry juice|mixer|Juice
V8 juice|mixer|Juice
V8(R) vegetable juice|mixer|Juice
watermelon juice|mixer|Juice
Welch's(R) grape juice|mixer|Juice
Welch's(R) Mango Twist fruit juice|mixer|Juice
Welch's(R) orange-pineapple juice|mixer|Juice
wheatgrass juice|mixer|Juice
White cranberry juice|mixer|Juice
White grape juice|mixer|Juice
Ben & Jerry's(R) ice cream|mixer|Ice Cream
black cherry ice cream|mixer|Ice Cream
cherry ice-cream|mixer|Ice Cream
chocolate ice cream|mixer|Ice Cream
Chocolate ice-cream|mixer|Ice Cream
coconut ice cream|mixer|Ice Cream
coffee ice cream|mixer|Ice Cream
French vanilla ice cream|mixer|Ice Cream
Mayfield(R) Rocky Road ice cream|mixer|Ice Cream
mint chocolate ice cream|mixer|Ice Cream
pistachio ice cream|mixer|Ice Cream
raspberry ice cream|mixer|Ice Cream
cracked ice|mixer|Ice
crushed ice|mixer|Ice
Anchor Junipero|spirit|Gin
Beefeater|spirit|Gin
Beefeater 24|spirit|Gin
Beefeater(R) gin|spirit|Gin
Bombay|spirit|Gin
Bombay Sapphire|spirit|Gin
Bombay Sapphire(R) gin|spirit|Gin
Brokers|spirit|Gin
dry gin|spirit|Gin
Dutch genever gin|spirit|Gin
extra dry gin|spirit|Gin
Genever|spirit|Gin
genever gin|spirit|Gin
Gilbey's(R) gin|spirit|Gin
Gin|spirit|Gin
Gordons|spirit|Gin
Gordon's London Dry|spirit|Gin
Gordon's(R) gin|spirit|Gin
G'Vine Florasian|spirit|Gin
Hendrick's|spirit|Gin
House Gin|spirit|Gin
Jacquin's(R) orange flavored gin|spirit|Gin
Larios(R) gin|spirit|Gin
Lemon gin|spirit|Gin
lime gin|spirit|Gin
London dry gin|spirit|Gin
Miller's(R) gin|spirit|Gin
Nolet Silver|spirit|Gin
Nolet's The Reserve|spirit|Gin
oude genever gin|spirit|Gin
Pimm's(R) gin|spirit|Gin
Plymouth(R) gin|spirit|Gin
Sarticious(R) gin|spirit|Gin
Seagram's(R) Extra Dry gin|spirit|Gin
Seagram's(R) gin|spirit|Gin
Seagram's(R) Lime Twisted gin|spirit|Gin
Sloe gin|spirit|Gin
Steinhaeger(R) gin|spirit|Gin
sweet gin|spirit|Gin
Tanqueray|spirit|Gin
Tanqueray 10|spirit|Gin
Tanqueray(R) 10 gin|spirit|Gin
Tanqueray(R) gin|spirit|Gin
Tanqueray(R) Rangpur gin|spirit|Gin
Apple|mixer|Fruit
Banana|mixer|Fruit
bananas|mixer|Fruit
Bartlett pear|mixer|Fruit
Berries|mixer|Fruit
Blackberries|mixer|Fruit
blackberry|mixer|Fruit
Cherries|mixer|Fruit
Cherry|mixer|Fruit
Cranberries|mixer|Fruit
cranberry|mixer|Fruit
Forbidden Fruit|mixer|Fruit
Fruit Salad|mixer|Fruit
fruits|mixer|Fruit
Grapefruit|mixer|Fruit
grapefruits|mixer|Fruit
Grapes|mixer|Fruit
Kumquat|mixer|Fruit
kumquats|mixer|Fruit
Lakka|mixer|Fruit
lychee|mixer|Fruit
Mandarin|mixer|Fruit
Mango|mixer|Fruit
Orange|mixer|Fruit
oranges|mixer|Fruit
Papaya|mixer|Fruit
Pineapple|mixer|Fruit
pomegranate|mixer|Fruit
180(R) citrus energy drink|mixer|Energy Drink
Amp(R) energy drink|mixer|Energy Drink
Battery(R) energy drink|mixer|Energy Drink
Bawls(R) energy drink|mixer|Energy Drink
Blue Ox(R) black cherry energy drink|mixer|Energy Drink
Blue Ox(R) energy drink|mixer|Energy Drink
Bong Water(R) energy drink|mixer|Energy Drink
Boo Koo(R) energy drink|mixer|Energy Drink
Chaser(R) 5-Hour energy drink|mixer|Energy Drink
Cocaine(R) energy drink|mixer|Energy Drink
Crunk(R) energy drink|mixer|Energy Drink
Full Throttle(R) energy drink|mixer|Energy Drink
Gatorade(R) Citrus Cooler energy drink|mixer|Energy Drink
Gatorade(R) Cool Blue Raspberry energy drink|mixer|Energy Drink
Gatorade(R) energy drink|mixer|Energy Drink
Gatorade(R) Fierce Grape energy drink|mixer|Energy Drink
Gatorade(R) Fierce Melon energy drink|mixer|Energy Drink
Gatorade(R) Fruit Punch energy drink|mixer|Energy Drink
Gatorade(R) Glacier Freeze energy drink|mixer|Energy Drink
Gatorade(R) Lemon-Lime energy drink|mixer|Energy Drink
Gatorade(R) Riptide Rush energy drink|mixer|Energy Drink
Gatorade(R) strawberry energy drink|mixer|Energy Drink
Gatorade(R) Tropical energy drink|mixer|Energy Drink
Gatorade(R) Watermelon Ice energy drink|mixer|Energy Drink
Go Fast(R) energy drink|mixer|Energy Drink
Kronik(R) energy drink|mixer|Energy Drink
MC2(R) Berry Blue energy drink|mixer|Energy Drink
Monster Energy Green|mixer|Energy Drink
Monster(R) energy drink|mixer|Energy Drink
Mountain Dew(R) MDX energy drink|mixer|Energy Drink
Moxie(R) energy drink|mixer|Energy Drink
Powerade(R) energy drink|mixer|Energy Drink
Red Bull|mixer|Energy Drink
Red Bull(R) energy drink|mixer|Energy Drink
Red Jak(R) energy drink|mixer|Energy Drink
Redbull|mixer|Energy Drink
Rockstar(R) energy drink|mixer|Energy Drink
Rockstar(R) Juiced Guava energy drink|mixer|Energy Drink
Sobe(R) No Fear energy drink|mixer|Energy Drink
Sparks(R) energy drink|mixer|Energy Drink
Alize(R) cognac|spirit|Cognac
Cognac|spirit|Cognac
Courvoisier(R) cognac|spirit|Cognac
Hennessy(R) cognac|spirit|Cognac
Mandarine Napoleon|spirit|Cognac
Otard(R) cognac|spirit|Cognac
Polignac(R) cognac|spirit|Cognac
Remy Martin(R) cognac|spirit|Cognac
Remy(R) Red cognac|spirit|Cognac
Asti Spumanti(R) champagne|spirit|Champagne
Ballatore(R) Rosso Spumante|spirit|Champagne
Bollinger(R) Champagne|spirit|Champagne
Brut(R) Champagne|spirit|Champagne
Champagne|spirit|Champagne
Charles Heidsieck(R) Champagne|spirit|Champagne
Dom Perignon(R) Champagne|spirit|Champagne
Moet & Chandon|spirit|Champagne
Prosecco|spirit|Champagne
aguardiente brandy|spirit|Brandy
Allen's(R) coffee brandy|spirit|Brandy
Apple brandy|spirit|Brandy
Applejack(R) brandy|spirit|Brandy
Apricot brandy|spirit|Brandy
Asbach(R) Uralt brandy|spirit|Brandy
B & B(R) benedictine|spirit|Brandy
B&B|spirit|Brandy
Blackberry brandy|spirit|Brandy
blueberry brandy|spirit|Brandy
Bols(R) apricot brandy|spirit|Brandy
Bols(R) cherry brandy|spirit|Brandy
Brandy|spirit|Brandy
Calvados|spirit|Brandy
Calvados(R) brandy|spirit|Brandy
Cherry brandy|spirit|Brandy
Christian Brothers(R) Frost White brandy|spirit|Brandy
Coconut brandy|spirit|Brandy
Coffee brandy|spirit|Brandy
Cyprus brandy|spirit|Brandy
DeKuyper(R) cherry brandy|spirit|Brandy
E&J(R) brandy|spirit|Brandy
E&J(R) Cask & Cream brandy|spirit|Brandy
ginger brandy|spirit|Brandy
grappa brandy|spirit|Brandy
Hiram Walker(R) apricot brandy|spirit|Brandy
Italian brandy|spirit|Brandy
Kirschwasser(R) cherry brandy|spirit|Brandy
Korbel(R) brandy|spirit|Brandy
Marie Brizard(R) Apry apricot brandy|spirit|Brandy
Metaxa Brandy|spirit|Brandy
Mohawk(R) Extra Sharp ginger brandy|spirit|Brandy
Napolean brandy|spirit|Brandy
orange brandy|spirit|Brandy
Paul Masson(R) brandy|spirit|Brandy
Peach brandy|spirit|Brandy
Pear brandy|spirit|Brandy
Peruvian Pisco brandy|spirit|Brandy
pisco brandy|spirit|Brandy
plum brandy|spirit|Brandy
Presidente(R) brandy|spirit|Brandy
Raynal(R) French brandy|spirit|Brandy
Spanish brandy|spirit|Brandy
strawberry brandy|spirit|Brandy
21st Amendment IPA|spirit|Beer
Ace Pear Cider|spirit|Beer
Alexander Keith's(R) India Pale Ale|spirit|Beer
Alexander Keith's(R) Red Amber Ale|spirit|Beer
Amstel Light|spirit|Beer
Anchor Steam|spirit|Beer
Anderson Valley Barney Flats Oatmeal Stout|spirit|Beer
Anderson Valley Oatmeal Stout|spirit|Beer
armagnac|spirit|Beer
Balllast Point Sculpin IPA|spirit|Beer
Barq's(R) root beer|spirit|Beer
Barrett's(R) Ginger Beer|spirit|Beer
Bartons(R) vodka|spirit|Beer
Becks|spirit|Beer
Beer|spirit|Beer
Big Daddy IPA|spirit|Beer
birch beer|spirit|Beer
Brew Dog 5AM Saint|spirit|Beer
Brew Dog Tokio|spirit|Beer
Bud Light|spirit|Beer
Bud Light(R) lager|spirit|Beer
Budweiser|spirit|Beer
Budweiser(R) B to the E|spirit|Beer
Budweiser(R) lager|spirit|Beer
Bundaberg(R) ginger beer|spirit|Beer
Canadian beer|spirit|Beer
Chimay|spirit|Beer
Churchkey|spirit|Beer
Clausthaler N.A.|spirit|Beer
Coors Light|spirit|Beer
Coors(R) Light beer|spirit|Beer
Corona|spirit|Beer
Corona Light|spirit|Beer
Corona(R) Extra lager|spirit|Beer
Corona(R) lager|spirit|Beer
Czechvar Lager|spirit|Beer
Dos Equis|spirit|Beer
draft beer|spirit|Beer
Duvel|spirit|Beer
Flying Dog Doggie Style Pale Ale|spirit|Beer
Ginger beer|spirit|Beer
Green Flash West Coast IPA|spirit|Beer
Guinness|spirit|Beer
Guinness stout|spirit|Beer
Guinness(R) stout|spirit|Beer
Hamm's|spirit|Beer
Heineken|spirit|Beer
Heineken(R) lager|spirit|Beer
Heinken Light|spirit|Beer
Heretic Shallow Grave Porter 22oz|spirit|Beer
IBC(R) root beer|spirit|Beer
Jamaican ginger beer|spirit|Beer
Keystone(R) lager|spirit|Beer
Keystone(R) Light lager|spirit|Beer
Kirin|spirit|Beer
Kirin Light|spirit|Beer
Kronenbourg 1664|spirit|Beer
Lager|spirit|Beer
Lagunitas IPA|spirit|Beer
Liefmann's Cuvee Brut 750ml|spirit|Beer
light beer|spirit|Beer
Lone Star|spirit|Beer
Magic Hat #9|spirit|Beer
Magners Cider|spirit|Beer
MGD|spirit|Beer
MGD(R) Lite lager|spirit|Beer
Miller High Life|spirit|Beer
Miller Lite|spirit|Beer
Mission Blonde|spirit|Beer
Modelo Especial|spirit|Beer
Molson(R) Canadian beer|spirit|Beer
Mug(R) root beer|spirit|Beer
Murphy's Irish Stout|spirit|Beer
Napa Smith IPA|spirit|Beer
Natural Light|spirit|Beer
New Amsterdam|spirit|Beer
NewCastle|spirit|Beer
Newcastle Brown Ale(R) lager|spirit|Beer
Omission Gluten Free Beer|spirit|Beer
Prohibition Ale|spirit|Beer
Racer 5|spirit|Beer
Raging Bitch IPA|spirit|Beer
Rainier(R) lager|spirit|Beer
Root beer|spirit|Beer
Tiger Beer Lager|spirit|Beer
Victoria Lager|spirit|Beer
Deva(R) absinthe|spirit|Absinth
Hamspburg(R) absinthe|spirit|Absinth
Kubler Absinthe|spirit|Absinth
10Cane||
4 Orange||
Acerola||
Advocaat||
advocaat spirit|spirit|
Aftershock|spirit|
Aftershock(R) Cool Citrus mint schnapps||
Aftershock(R) Hot & Cool cinnamon schnapps||
Aftershock(R) Thermal Bite spice schnapps||
Agavero agave spirit|spirit|
Alcohol-95(R) grain alcohol||
Ale||
Alize||
Alize(R) Bleu spirit|spirit|
Alize(R) Gold Passion spirit|spirit|
Alize(R) spirit|spirit|
Alize(R) Red Passion spirit|spirit|
Allspice||
Almond|mixer|
almond extract||
Almond flavoring|mixer|
almond spirit|spirit|
almonds||
Amade(R) ChocOrange spirit|spirit|
Amadeus(R) almond spirit|spirit|
Amaretto||
amaretto almond spirit|spirit|
amaretto cream spirit|spirit|
Amaretto Di Amore(R) spirit|spirit|
Amaretto Di Saronno(R) spirit|spirit|
Amarula Cream||
amarula cream spirit|spirit|
Ambassadeur(R) red vermouth||
Amer Picon||
Amer Picon(R) orange bitters||
Amontillado(R) dry sherry||
Amp Overdrive||
Andes(R) chocolate mint|mixer|
Angelica root|mixer|
Angostura bitters||
Angostura(R) bitters||
Angostura(R) Bloody Mary seasoning||
Angostura(R) Lemon, Lime & Bitters||
Anis||
anis spirit|spirit|
Anise||
Anisette|spirit|
Aperol||
Aperol(R) orange spirit|spirit|
Apfelkorn||
apfelkorn spirit|spirit|
Apple cider|mixer|
apple spirit|spirit|
Apple schnapps||
Applejack||
apples|mixer|
Appleton||
Apricot||
apricot brandy spirit|spirit|
Apricot spirit|spirit|
Apricot nectar||
apricot schnapps||
Aquavit||
arak||
Archers(R) cranberry schnapps||
Archers(R) lime schnapps||
Archers(R) peach schnapps||
Arrow(R) peach schnapps||
Arrow(R) peppermint schnapps||
artificial sweetener||
Asafoetida||
Aurum(R) spirit|spirit|
Avalanche(R) peppermint schnapps||
Averna||
Avocado||
Azul||
Bacardi Breezer(R)|spirit|
Bacardi Breezer(R) Lime|spirit|
Bacardi Breezer(R) Orange|spirit|
Bacardi(R) pina-colada mixer|mixer|
Bailey's irish cream|mixer|
Bailey's(R) Caramel Irish cream spirit|spirit|
Bailey's(R) Irish cream|spirit|
Bailey's(R) Mint Chocolate Irish cream spirit|spirit|
Baitz(R) triple sec||
Baja Luna(R) black raspberry spirit|spirit|
Baja Rosa(R) strawberry cream spirit|spirit|
Baja Tango(R) orange cream spirit|spirit|
baked apple|spirit|
Baker's||
Banana spirit|spirit|
banana pepper|mixer|
banana schnapps||
Bananas Over You(R) spirit|spirit|
bar lime mix|mixer|
Barenfang(R) honey spirit|spirit|
Barenjager|spirit|
Barenjager(R) honey spirit|spirit|
Barley Legal Coconut Porter||
basil|mixer|
Bass(R) pale ale||
Batida de Coco||
Battery||
Becherovka||
Becherovka(R) herbal spirit||
Beef bouillon||
Benedictine||
benedictine herbal spirit|spirit|
Berentzen's(R) apple spirit|spirit|
berry blue jell-o||
berry punch||
bianco vermouth||
bitter||
Bitter lemon|mixer|
Bitters||
Black Bottle||
Black Bush||
black cherry jell-o||
black cherry schnapps||
Black Haus(R) blackberry schnapps||
Black pepper|mixer|
black peppers|mixer|
black raspberry spirit|spirit|
Black Sambuca||
Black Star||
blackberry spirit|spirit|
Blackberry schnapps|mixer|
Blackcurrant cordial|mixer|
Blackcurrant schnapps|mixer|
blood orange||
Bloody mary mix|mixer|
blue cheese||
Blue Curacao||
Blue Curacao spirit||
Blue Moon||
blue sambuca||
Blueberries||
blueberry||
blueberry cocktail mix||
blueberry spirit|spirit|
blueberry puree||
Blueberry schnapps||
Boca Loca Cachaca||
Bols Genever||
Bols(R) advocaat spirit|spirit|
Bols(R) Blue Curacao spirit||
Bols(R) butterscotch schnapps||
Bols(R) creme de bananes||
Bols(R) dark creme de cacao||
Bols(R) Gold Strike cinnamon spirit||
Bols(R) kiwi spirit||
Bols(R) melon spirit||
Bols(R) Orange Curacao spirit||
Bols(R) peppermint spirit||
Bols(R) Pumpkin Smash spirit||
Bols(R) triple sec||
Bols(R) white creme de cacao||
Boone's Farm Blue Hawaiian||
Borghetti Espresso||
Bourbon||
Bowmore 15 year||
Bread||
Brennivin(R) schnapps||
brown creme de cacao||
Brown sugar|mixer|
brown sugar syrup|mixer|
Buffalo Rock(R) ginger ale|mixer|
Bulmers(R) cider||
Butter|mixer|
butterscotch spirit|spirit|
Butterscotch schnapps||
Cabana Cachaca||
Cachaca||
Cacique Yonique(R) yogurt|mixer|
Cactus Juice spirit||
Cadbury's(R) hot chocolate|mixer|
Campari||
Campari(R) bitters||
Canada Dry(R) ginger ale||
Canadian Club||
candies||
Candy||
Cantaloupe||
cantaloupe melon||
cantaloupe melons||
Canton Giner||
Canton(R) ginger spirit|spirit|
Cape Velvet(R) cream spirit|spirit|
Cappuccino|mixer|
Caramel||
Caramel coloring||
Caramel spirit||
Caravella Limoncello||
Cardamom||
Caribbean cream||
Carnation(R) creamy evaporated milk|mixer|
Carolans(R) Irish cream||
caster sugar||
Cayenne pepper|mixer|
cayenne peppers|mixer|
Celery||
Celery salt||
Celtic Crossing(R) honey spirit||
Chambord|spirit|
Chambord raspberry spirit|spirit|
Chambord(R) raspberry spirit|spirit|
Charleston Follies|spirit|
Chartreuse Green|spirit|
Chartreuse VEP Green|spirit|
Chartreuse Yellow|spirit|
Chartreuse(R) herbal spirit|spirit|
Chateau Monet(R) Framboise raspberry spirit|spirit|
cheese|mixer|
Cheri Beri Pucker||
cherry advocaat spirit||
cherry cider||
Cherry Cola||
cherry conserve||
cherry cordial||
Cherry Heering||
cherry jell-o||
cherry limeade||
Cherry spirit||
Cherry Marnier(R) spirit||
Cherry Puree||
cherry schnapps||
cherryade||
Chianti||
Chile Piqions||
chili pepper|mixer|
chili peppers|mixer|
Chocolate|mixer|
chocolate cream spirit|spirit|
Chocolate spirit|mixer|
Chocolate milk|mixer|
Chocolate mint spirit|spirit|
chocolate powder|mixer|
Chocolate Pudding|mixer|
chocolate topping|mixer|
Chopin||
Cider||
Cinnamon||
cinnamon spirit||
Cinnamon schnapps||
cinnamon sugar||
Cinzano Bitters||
Cinzano Orancio||
Cinzano(R) dry vermouth||
Cinzano(R) sweet vermouth||
Citadelle||
citrus punch||
Clove||
Cloves||
Coca Buton(R) herbal spirit|spirit|
Cocktail onion||
Coco Lopez(R) cream of coconut||
cocoa||
cocoa cream||
Cocoa powder||
Coconut||
Coconut cream||
coconut extract||
Coconut spirit||
Coconut milk||
coconuts|mixer|
Coffee||
coffee creamer||
Coffee spirit||
coffee powder||
Coffeemate||
Cointreau||
Cointreau(R) orange spirit||
Cola||
Collins mix||
Condensed milk||
Continental(R) vanilla spirit||
cookies||
Cool Whip||
Coriander|mixer|
corn|mixer|
Corner Creek Reserve||
Cornstarch||
cosmopolitan mix|mixer|
Cote Du Rhone||
cottage cheese|mixer|
Cottee's(R) Ice Magic chocolate coating|mixer|
crackers||
cranberry ginger ale|mixer|
cranberry jell-o|mixer|
Cranberry spirit|spirit|
cranberry schnapps|mixer|
Crater Lake Pepper||
Cream||
cream cheese||
Cream of coconut||
cream sherry||
creamer||
creme d'Armagnac||
Creme de Almond||
Creme de Banane||
creme de bananes||
Creme de Cacao||
Creme de Cassis||
creme de cerise||
creme de coconut||
Creme de Fraise||
Creme de Fraise des Bois||
creme de framboise||
creme de griotte||
creme de menthe||
creme de mure||
creme de myrtille||
Creme de Noyaux||
Creme de peche||
creme de violette||
Cruzan(R) rum cream spirit|spirit|
Crystal light||
Crystal Light(R) lemonade mix||
Crystal Light(R) Sunrise Classic Orange mix||
Cucumber|mixer|
Cumin seed|mixer|
Curacao||
Curacao orange spirit|spirit|
Cusenier(R) Freezomint creme de menthe||
Cynar|spirit|
Cynar(R) artichoke spirit|spirit|
Dailey's strawberry Daquiri mix||
Daily's(R) sweet and sour mix||
Daiquiri mix||
Damiana(R) herbal spirit|spirit|
Danish aquavit||
Danzig Goldwasser(R) orange spirit||
D'Aristi(R) Xtabentun spirit||
Dark Creme de Cacao||
Das Komet(R) vanilla spirit||
Dawa||
DeKuyper(R) amaretto almond spirit|spirit|
DeKuyper(R) Apple Barrel schnapps||
DeKuyper(R) apple schnapps||
DeKuyper(R) Blue Curacao spirit|spirit|
DeKuyper(R) Bluesberry schnapps||
DeKuyper(R) butterscotch spirit|spirit|
DeKuyper(R) Buttershots spirit|spirit|
DeKuyper(R) Cheri-Beri Pucker schnapps||
DeKuyper(R) cherry schnapps||
DeKuyper(R) cinnamon schnapps||
DeKuyper(R) coffee spirit|spirit|
DeKuyper(R) creme de bananes||
DeKuyper(R) dark creme de cacao||
DeKuyper(R) Grape Pucker schnapps||
DeKuyper(R) Harvest Pear schnapps||
DeKuyper(R) Hot Damn 100 cinnamon schnapps||
DeKuyper(R) Hot Damn cinnamon schnapps||
DeKuyper(R) Island Blue Pucker schnapps||
DeKuyper(R) Key Largo schnapps||
DeKuyper(R) Mad Melon schnapps||
DeKuyper(R) Marasquin cherry spirit||
DeKuyper(R) Peachtree schnapps||
DeKuyper(R) peppermint schnapps||
DeKuyper(R) Pucker Strawberry Passion schnapps||
DeKuyper(R) Raspberry Pucker schnapps||
DeKuyper(R) raspberry schnapps||
DeKuyper(R) Razzmatazz spirit||
DeKuyper(R) Sour Apple Pucker schnapps||
DeKuyper(R) Sour Peach Pucker schnapps||
DeKuyper(R) triple sec||
DeKuyper(R) Watermelon Pucker schnapps||
DeKuyper(R) wild strawberry spirit||
DeKuyper(R) Wilderberry schnapps||
Delerium Termens||
demerara sugar||
dill||
Dimmi||
Disarrono||
double cream||
Dr. McGillicuddy's(R) cherry schnapps||
Dr. Mcgillicuddy's(R) Mentholmint schnapps||
Dr. Mcgillicuddy's(R) peach schnapps||
Dr. Mcgillicuddy's(R) Vanilla Schnapps||
Dr. Pepper||
dry cider||
dry dill|mixer|
dry ginger ale||
Dry Orange Curacao spirit||
Dry Sack(R) sherry||
dry sherry||
Dry Vermouth||
Dubonnet(R) Blanc vermouth||
Dubonnet(R) French vermouth||
Dubonnet(R) Rouge vermouth||
Dulseda(R) Dulce de Leche caramel spirit|spirit|
E & J(R) Cask & Cream Chocolate Temptation spirit|spirit|
E & J(R) Cask and Cream Caramel Temptation spirit|spirit|
Eagle Brand(R) condensed milk||
Effen||
Effen Black Cherry||
Effen Cucumber||
Effen Dutch Rasberry||
Egg||
egg substitute||
Egg white||
Egg yolk||
Eggnog||
eggs||
elderflower cordial||
Erin Cream||
Espresso||
Evan Williams||
evaporated milk||
evaporated skimmed milk||
Everclear||
Everclear(R) alcohol||
Everglo spirit||
extra dry vermouth||
extra virgin olive oil||
Farigoule(R) thyme spirit|spirit|
Father O'Leary's(R) butterscotch cream spirit|spirit|
Father O'Leary's(R) velvet cream spirit|spirit|
Fee Brothers(R) Old-fashioned bitters||
Fee Brothers(R) orange bitters||
Fee Brothers(R) peach bitters||
Fennel seeds||
Fernet||
Fernet Branca||
Fernet Branca(R) bitters||
Fernet Branca(R) Menta||
Figs||
Finest Call(R) margarita mix||
fino sherry||
Firewater||
Firewater(R) cinnamon schnapps||
Fisherman's Friend(R) menthol candy||
Flag Hill(R) Sugar Maple spirit||
Food coloring|mixer|
Forbidden Fruit(R) spirit|spirit|
framboise raspberry spirit|spirit|
Frangelico||
Frangelico(R) hazelnut spirit|spirit|
Franziskaner Weissbier||
French Kiss(R) vanilla spirit|spirit|
French vanilla coffee creamer||
French vermouth||
Fris||
Fruit||
Fruit cocktail||
Gaetano(R) triple sec||
Galliano||
Galliano(R) black sambuca||
Galliano(R) green sambuca||
Galliano(R) herbal spirit||
Galliano(R) white sambuca||
garlic||
garlic powder||
Gatorade||
Gelatin||
gelato||
Ginger||
Ginger ale||
ginger spirit|spirit|
ginger syrup||
ginseng extract||
Glayva(R) Scotch spirit||
Glycerine||
Godet(R) white chocolate spirit|spirit|
Godiva Dark|spirit|
Godiva spirit|spirit|
Godiva(R) chocolate spirit|spirit|
Godiva(R) white chocolate spirit|spirit|
Gold Rush(R) cinnamon schnapps||
gold sambuca||
Golden Grain(R) alcohol||
Goldschlager||
Goldschlager(R) cinnamon schnapps||
Goya(R) peach nectar||
Graham(R) cinnamon crackers||
Grain alcohol||
Grand Marnier||
Grand Marnier 100||
Grand Marnier 150||
Grand Marnier(R) orange spirit||
GranGala(R) orange spirit||
granulated sugar||
grape jello||
Grape Pucker||
Grape schnapps||
Grappa||
greek seasoning||
green apple jell-o||
green apple schnapps||
green apple wine cooler||
Green Chartreuse||
Green Chartreuse(R)||
Green Chili||
Green Creme de Menthe||
Green Curacao||
Green Curacao spirit||
Grenadine||
guava puree|mixer|
guavaberry spirit|spirit|
gummi bears||
Haagen Dazs(R) cream spirit||
Half-and-half||
hard cider||
hard lemonade||
Harlem||
Harp||
hazelnut creamer||
Hazelnut spirit||
hazelnuts||
Heavy cream||
Heering(R) cherry spirit||
Hellmann's(R) mayonnaise||
Herbsaint(R) spirit||
Hershey's(R) cocoa|mixer|
Hiram Walker(R) Blue Curacao spirit|spirit|
Hiram Walker(R) creme de noyaux spirit|spirit|
Hiram Walker(R) peppermint schnapps||
Hiram Walker(R) triple sec||
Honey||
honey spirit||
honeydew melon||
Hoopers Hooch||
Hooper's(R) Hooch||
Horchata||
Horseradish||
Hot chocolate||
hot cocoa||
Hot Damn||
Hot red pepper flakes|mixer|
House Liquer||
House Port||
House Sake||
Hpnotiq||
Hpnotiq(R) spirit||
Hudson||
Hurricane(R) malt liquor||
Ice|mixer|
Ice 101||
Ice 101(R) peppermint schnapps||
ice cream||
ice cubes|mixer|
Ice-cream||
Iced tea||
icing sugar||
instant coffee||
Irish cream||
Irish Mist||
Irish Mist(R) herbal spirit||
island pineapple jell-o||
Italian vermouth||
Izarra(R) herbal spirit||
Jack Daniel's(R) Downhome Punch||
Jacquin's(R) peach schnapps||
Jagermeister||
Jagermeister(R) herbal spirit|spirit|
Jalapeno||
jalapeno pepper||
Jamaican rum cream||
Jello||
jelly||
Jolt Cola|mixer|
Jolt(R) cola|mixer|
Jone's Soda(R) Berry Lemonade|mixer|
Jose Cuervo(R) margarita mix||
Jubilee(R) peach schnapps||
Just Desserts(R) chocolate chip cookie cream spirit|spirit|
Kahlua|spirit|
Kahlua(R) coffee spirit|spirit|
Kahlua(R) Especial coffee spirit|spirit|
Kahlua(R) French Vanilla spirit|spirit|
Kamora(R) coffee spirit|spirit|
Kazkar Feni(R) cashew apple spirit||
Ke Ke Beach(R) key lime spirit||
Kerns Pineapple-Coconut Nectar||
Key Largo schnapps||
key lime||
key lime spirit||
Kirschwasser||
Kit Kat(R) chocolate bar||
Kiwi||
Kiwi spirit||
kiwis||
Kona coffee spirit|spirit|
Kool-Aid|mixer|
Kool-Aid(R)|mixer|
Kool-Aid(R) Berry Blue mix|mixer|
Kool-Aid(R) Blue Raspberry mix|mixer|
Kool-Aid(R) Cherry mix|mixer|
Kool-Aid(R) Grape mix|mixer|
Kool-Aid(R) Lemonade Tea mix|mixer|
Kool-Aid(R) Lemon-Lime mix|mixer|
Kool-Aid(R) Orange mix|mixer|
Kool-Aid(R) Strawberry mix|mixer|
Kool-Aid(R) Tangerine mix|mixer|
Kool-Aid(R) Tropical Punch mix|mixer|
Kraken||
Krekling Arctic Crowberry Frost||
Krogstad Aquavit||
Kummel||
Kummel(R) caraway spirit||
Kwai Feh(R) lychee spirit|spirit|
La Chouffe||
La Grande Passion(R) spirit|spirit|
La Paz(R) strawberry margarita mix||
Lapponia cloudberry spirit|spirit|
Lapponia Lakka cloudberry spirit|spirit|
latte||
Lazzaroni Amaretto||
Leapolds Small Batch||
Leblon Cachaca||
Lemon||
lemon cordial||
lemon grass|mixer|
lemon iced tea||
lemon Italian ice|mixer|
Lemon spirit|spirit|
lemon mix|mixer|
Lemon peel|mixer|
Lemon schnapps|mixer|
lemon sherbet|mixer|
lemon squash|mixer|
Lemonade|mixer|
Lemonel(R) lemon spirit|spirit|
Lemon-lime mix|mixer|
lemons||
Leopold Bros Cranberry||
Leopold Bros Sour Cherry||
Leroux(R) banana spirit|spirit|
Leroux(R) pina colada schnapps||
Licor 43|spirit|
Licor 43(R) spirit|spirit|
Licor Beirao(R) herbal spirit|spirit|
licorice|mixer|
licorice spirit||
Licorice root||
Light cream||
Lillet Rougue||
Lillit Blonde||
Lime||
lime cordial||
lime jell-o||
Lime spirit|spirit|
lime mix|mixer|
Lime peel|mixer|
lime syrup||
Limeade||
limes||
Limoncello||
limoncello lemon spirit|spirit|
Lingonberry jam||
spirit|spirit|
Listerine(R) Cool Mint mouthwash|mixer|
long island iced tea mix||
Looza mango nectar||
Looza(R) banana nectar||
Looza(R) pear nectar||
Luxardo(R) maraschino spirit||
Luxardo(R) white sambuca||
Luxardo-Amaretto||
Luxardo-Maraschino||
lychee spirit|spirit|
Macadamia nut spirit|spirit|
mace||
Mad Dog 20/20||
malt||
Malt liquor||
mandarin spirit||
Mandarine Napoleon(R) orange spirit||
mango jell-o|mixer|
mango spirit|spirit|
mango mix|mixer|
mango nectar|mixer|
mango puree|mixer|
mango schnapps|mixer|
mango sherbet|mixer|
mangos||
maraschino cherries||
Maraschino cherry||
Maraschino spirit||
Margarita mix||
Marie Brizard(R) anisette licorice spirit||
Marie Brizard(R) apple spirit||
Marie Brizard(R) cherry spirit|spirit|
Marie Brizard(R) Coconut Passion spirit|spirit|
Marie Brizard(R) creme de banane||
Marie Brizard(R) Creme de Fraise des Bois||
Marie Brizard(R) creme de mure|spirit|
Marie Brizard(R) Lime Citron spirit|spirit|
Marie Brizard(R) Mango Passion spirit||
Marie Brizard(R) orange curacao||
Marie Brizard(R) peach spirit|spirit|
Marie Brizard(R) Poire Williams pear spirit|spirit|
Marie Brizard(R) watermelon spirit|spirit|
Marie Brizard(R) white creme de cacao spirit|spirit|
marinade||
Marjoram leaves||
marmalade||
marshmallow||
Marshmallows||
Martinelli's(R) apple cider||
Martini & Rossi(R) bianco vermouth||
Martini & Rossi(R) dry vermouth||
Martini & Rossi(R) extra dry vermouth||
Martini & Rossi(R) sweet vermouth||
Maui||
Maui(R) Blue Hawaiian schnapps||
Maui(R) tropical schnapps||
McCormick's(R) Hot Shot||
McGuinness(R) blue Curacao spirit||
McGuinness(R) creme de banane||
McGuinness(R) creme de menthe||
McGuinness(R) melon spirit|spirit|
Mcguire's(R) Irish cream||
Mello Yello||
Melloni(R) melon spirit||
Melon Deoria(R) spirit||
Melon spirit||
melon schnapps||
melons||
Metaxa||
Metaxa 5 Star||
Metromint(R) peppermint water||
Mexican hot chocolate||
Mezcal||
Michael Collins||
Michelob Ultra Light||
Mickey Finn's butterscotch and vanilla spirit||
Mickey's(R) malt liquor||
Midori||
Midori melon spirit|spirit|
Midori(R) melon spirit|spirit|
Mike's(R) hard lemonade||
Milk|mixer|
Mint||
mint spirit||
mint schnapps||
mixed-berry marinade|mixer|
Mohawk(R) triple sec||
Molasses|mixer|
Molinari(R) black sambuca||
Molinari(R) sambuca extra||
Monin bitter||
Morton(R) salt||
Mountain Berry Kool-Aid||
Mountain Dew(R) Pitch Black II||
Mozart(R) Black chocolate spirit|spirit|
Mozart(R) chocolate spirit|spirit|
Mozart(R) Original chocolate spirit|spirit|
Mozart(R) White chocolate spirit|spirit|
Mr & Mrs T(R) sweet and sour mix|mixer|
Mr & Mrs T's(R) pina colada mix|mixer|
Mr. and Mrs T Margarita Mix|mixer|
Mudslide mix|mixer|
Muscovado sugar||
mustard||
Nachtmusiek(R) chocolate spirit|spirit|
Nesquik(R) chocolate powder|mixer|
Nestle(R) hot chocolate|mixer|
No. 3||
Nocello(R) walnut spirit||
Noilly Prat(R) French vermouth||
Nutmeg||
Nuts||
Offley Rich(R) tawny port||
Oh Canada(R) maple spirit|spirit|
ojen anise spirit|spirit|
okra||
Old Krupnik(R) honey spirit|spirit|
Old Orchard Pomagranate Cherry||
Old Speckled Hencans||
Old-fashioned mix||
Olive||
olives||
Olorosa sherry||
onion powder||
onions|mixer|
Opal Nera(R) black sambuca||
Orange bitters||
orange cognac spirit||
orange crush||
Orange Curacao||
Orange Curacao spirit||
orange jell-o||
Orange spirit||
Orange peel||
orange schnapps||
orange sherbet|mixer|
Orange spiral||
orange squash|mixer|
orangeade||
Orange-Strawberry Sunny Delight||
oregano||
Oreo Chocolate Cookie||
Oreo Chocolate Cookies||
Oreo cookie||
Oronoco||
Ouzo||
ouzo anise spirit|spirit|
Oxley||
Pabst Blue Ribbon||
PAMA(R) pomegranate spirit|spirit|
Pampero||
Pampero-Anniversario||
papaya nectar||
paprika||
paraiso||
Parfait Amour(R) orange spirit|spirit|
Parfait d'Amour||
Parma violet spirit||
Parmesan cheese||
Parrot Bay||
Partida(R) agave nectar||
passion-fruit||
passion-fruit spirit||
passion-fruit nectar||
passion-fruit puree||
Passoa||
Passoa(R) spirit|spirit|
pastis spirit|spirit|
Patron(R) Citronge spirit|spirit|
Paul Masson(R) chocolate hazelnut spirit|spirit|
Paulaner Hef||
PBR Tall Boy||
Peach||
peach bitters||
peach iced tea||
peach kernel||
Peach spirit||
Peach nectar||
peach puree||
Peach schnapps||
peach sherbet||
peaches||
Peachtree schnapps||
peanut butter||
Peanut spirit||
Pear||
pear cider||
Pear spirit||
pear nectar||
pear puree||
pear schnapps||
Pear soft drink|mixer|
pears||
pecan nuts||
Pecher Mignon(R) peach spirit|spirit|
Pedro Ximinez sherry||
Pepe Lopez(R) cream of coconut||
pepper||
Peppermint extract||
peppermint spirit||
Peppermint schnapps||
pepperoncini||
peppers||
Pepsi(R) Holiday Spice||
Pernod||
Pernod(R) licorice spirit||
Peroni||
Petrol||
Peychaud bitters||
Peychaud(R) bitters||
Phillips(R) Butter Ripple Schnapps||
Phillips(R) butterscotch schnapps||
Phillips(R) Hot 100 cinnamon schnapps||
Phillips(R) peppermint schnapps||
pickle||
pickle brine||
Pickled pepper||
Pilsner Urquell||
pimento herbal spirit||
Pimms||
Pimm's No. 1||
Pimm's Summer Punch||
Pina colada mix||
pineapple jell-o||
pineapple spirit||
pineapple sherbet|mixer|
pineapples||
Pineau des Charentes||
Pink lemonade||
Pisang Ambon||
Pisang Ambon(R) spirit||
Pisco||
Pistachio spirit||
Plymouth||
Polmos||
Pomegranate spirit||
pomegranate schnapps||
Ponche Caballero(R) Italian spirit||
Pop Rocks(R) candy||
Pop-Ice(R)||
popsicle||
Port||
Powdered sugar||
Powerade(R) lemon-lime powder||
Powers||
Praline New Orleans-style pecan spirit||
prune||
Pumpkin||
Pumpkin puree||
Punt e Mes red vermouth||
Purple passion||
Pyramid Hefeweizen||
Quady's Vintage 1996||
Quetsch(R) plum spirit||
rainbow sherbert||
Raisins||
raki spirit||
Ranger IPA||
Raspberries||
raspberry||
Raspberry cordial||
Raspberry di Amore(R)||
raspberry ginger ale||
Raspberry jam||
raspberry jell-o||
raspberry lemonade||
Raspberry spirit||
raspberry puree||
Raspberry schnapps||
raspberry sherbet|mixer|
Razzmatazz||
red bell peppers||
red cayenne peppers||
Red Cordial||
red curry paste||
red sambuca||
Red Stripe||
Rhubarb||
Ribena(R) blackcurrant cordial||
Ricard||
Ricard(R) pastis||
Rock and rye||
Rock and Rye(R) spirit||
rock melon||
Romana(R) black sambuca||
Romana(R) white sambuca||
Roncoco(R) coconut spirit||
Root beer schnapps||
Rose||
Rose Essence||
Rosemary||
Rose's(R) blue raspberry mixer||
Rose's(R) Cocktail Infusions Cranberry Twist||
Rose's(R) grenadine syrup||
Rose's(R) sour apple mix||
Rose's(R) sweet and sour mix||
Rose's(R) triple sec||
Rose's(R) Watermelon Cocktail Infusion||
rosso vermouth||
Royal Crown(R) cola||
ruby port||
Rum cream spirit||
Rum Tree(R) spirit||
Rumple Minze||
Rumple Minze(R) peppermint spirit||
Rumplemintz||
RW Orchard Apricot||
RW Orchard Peach||
Safari||
Safari(R) spirit||
Sagatiba Pura Cachaca||
Sagatiba Velha Cachaca||
Sailor Jerry Spiced||
Sake||
Salsa||
Salt||
Sam Adams||
Sambuca||
Sambuca di Amore(R) spirit||
Sambuca Romana||
San Pellegrino(R)||
sangria||
Sapporo||
Sarsaparilla||
Saurer apfel||
Sauvignon Blanc||
Sauza||
Sazerac Rye||
Schlitz||
Schnapps||
Schweppes Lemon|mixer|
Schweppes Russchian|mixer|
Schweppes(R) ginger ale|mixer|
Schweppes(R) lemonade|mixer|
Schweppes(R) pink lemonade|mixer|
Schweppes(R) raspberry ginger ale|mixer|
Scorned Woman(R) hot sauce||
Scotch||
Scotch whisky||
Sea Dog(R) Blue Paw Wheat Ale||
Seagram 7||
Seagrams||
Seagrams 7||
Seagrams VO||
Seagram's(R) 7 whisky||
Sebor(R) Absinth absinthe||
Semtex Forte(R)||
Session Black Label||
Sherbet||
Sherry||
Shipyard Smashed Blueberry||
Shiso||
Sho Chiku Bai Sake||
Shochu||
Sierra Mist(R) soda||
Sierra Nevada||
Siete Leguas Anejo||
Siete Leguas Blanco||
Siete Leguas Reposado||
simple syrup||
Simply(R) Lemonade||
single cream||
Sirup of roses||
skimmed milk||
Skittles||
Skyy||
Skyy Citrus||
Skyy Pineapple||
Skyy(R) cosmopolitan mix||
Slim Jim||
Slush Puppie(R)||
Smirnoff(R) Black Ice||
Smirnoff(R) Ice||
Smirnoff(R) Ice Triple Black||
Smucker's(R) caramel syrup||
Snapple||
Snapple(R) Earth soda||
Snapple(R) Kiwi-Strawberry soda||
Snapple(R) Lemonade soda||
Snapple(R) Lightning soda||
Snapple(R) Mango Madness soda||
Snapple(R) Rain soda||
Snapple(R) Raspberry Iced Tea soda||
Snapple(R) soda||
Sobe(R) Adrenaline Rush energy drink||
Sobe(R) Energy drink||
Soda water|mixer|
Soho(R) lychee spirit||
Soju||
Sortilege(R) Canadian whisky spirit||
sour apple jell-o||
Sour apple spirit||
sour apple mix||
Sour Apple Pucker||
Sour Apple Schnapps||
sour cherries||
sour lemonade||
Sour mix||
Sour Puss||
Sour Puss(R) apple spirit||
Sour Puss(R) raspberry spirit||
Sourz(R) apple spirit||
Sourz(R) Tropical Blue spirit||
Sourz(R) tropical spirit||
Southern Comfort||
Southern Comfort(R) Black Label peach schnapps||
Southern Comfort(R) peach spirit||
Soy milk||
Soy sauce||
soymilk||
sparkling berry jello||
Sparkling Rose||
spearmint||
spiced cider||
Springback 14 year||
Sprite||
Sprite Remix||
Sprite(R) soda||
Sprite(R) Zero soda||
squid||
Squirt||
Squirt(R) citrus soda||
St. Brendan's(R) Irish cream spirit||
St. George Absinthe||
St. George Terroir||
St. Germain||
St. Germain Elderflower||
St. Hallvard||
St. Pauli Girl NA||
St. Peter's English Ale||
Starbucks(R) coffee spirit||
Staropramen Lager||
steak sauce||
Stella Artois||
Stella Artois(R) lager||
Steven Seagal's Lightning Bolt||
Stewart's(R) Orange 'n Cream soda||
St-Germain Elderflower spirit||
Stirrings(R) Bloody Mary Rimmer||
Stolichnaya||
Stolichnaya Blueberry||
Stolichnaya Citros||
Stolichnaya Orange||
Stolichnaya Rasberry||
Stolichnaya Vanilla||
Stout||
Strawberries||
strawberry||
strawberry crush||
strawberry daiquiri mix||
strawberry ice cream||
strawberry jell-o||
Strawberry spirit||
strawberry margarita mix||
strawberry mix||
strawberry puree||
Strawberry schnapps||
strawberry soda||
Strawberry syrup||
strawberry-rhubarb mix||
Strega||
Strega(R) herbal spirit||
Strongbow(R) cider||
Sugar||
Sugar syrup||
Sugarfree Red Bull||
Sun Drop(R) citrus soda||
Sunkist(R) orange soda||
Sunny delight||
Sunny Delight(R) Tangy Original Style||
Suntory Yamazaki 12y||
Suntory(R) mango spirit||
Suntory(R) Royal whisky||
superfine sugar||
Surge||
Surge(R) citrus soda||
Svedka||
Svedka Clementine||
Swedish Punsch||
Sweet and sour||
sweet and sour lemon bar mix||
sweet and sour mix||
sweet sherry||
Sweet Vermouth||
sweetened condensed milk||
Sweet'N Low(R) artificial sweetener||
swiss chocolate almond spirit||
Swiss Mocha Cream spirit||
Syrah||
syrup||
syrup of roses||
Tabasco sauce||
Tabasco(R) sauce||
Taboo||
Talisker||
Talisker 10y||
tamarillo||
tamarind||
Tamarindo puree||
tamarinds||
Tampico(R) fruit punch||
Tang||
Tang(R) powdered soft drink||
tangerine schnapps||
Tapatio(R) hot sauce||
Tawny port||
Tazo Passion(R) tea||
Tea||
Teichenne(R) butterscotch schnapps||
Templeton Rye||
Tencane||
The Dimple Pinch||
The Perfect Puree of Napa Valley(R) Scarlet Orange concentrate||
The Singleton||
Three Olives||
Thunderbird||
Tia maria||
Tia Maria(R) chocolate spirit|spirit|
Tia Maria(R) coffee spirit|spirit|
TicTac||
Tio Pepe(R) sherry||
Tito's||
toffee spirit|spirit|
tomato||
Tonic|mixer|
Tony Chachere's(R) Creole Seasoning||
Trader Joe's(R) Spicy Cider||
Tres Leches||
Trios Pistoles||
Triple sec||
Tropical fruit schnapps||
tropical-fruit puree||
tropical-fruit schnapps||
Tropicana Twister Kinetic Kiwi Strawberry|mixer|
Tropicana(R) fruit punch|mixer|
Tropicana(R) Light Berry Blend|mixer|
Truffles(R) chocolate spirit||
Trumer Pilsner||
Tuaca||
Tuaca(R) citrus spirit|spirit|
Turbo Dog Pale Ale||
Turkey Hill(R) iced tea||
Uncle Vals||
Underberg(R) bitters||
Unibroue La Fin du Monde||
UV||
UV Blue||
V8 Splash Tropical Blend||
V8(R) Splash raspberry lemonade||
Van Der Hum(R) spirit||
Vana Tallin(R) cream spirit||
Vana Tallinn||
Vanilla||
vanilla Chai tea||
vanilla cola||
Vanilla extract||
vanilla ice cream||
Vanilla ice-cream||
Vanilla spirit||
Vanilla schnapps||
Vanilla syrup||
Vanille Royale(R) vanilla cream spirit||
Vault(R) energy drink||
Vault(R) Zero||
Veev||
Vermeer(R) Dutch Chocolate Cream spirit||
Vermouth||
Vimto(R) blackcurrant squash||
Vinegar||
Vita Coco(R) coconut water||
vitamin C||
Viuda de Sanchez||
Vizcaya||
Voyant(R) Chai cream spirit||
VS cognac||
VSOP cognac||
walnut||
wasabi||
Water||
Watermelon||
Watermelon spirit||
watermelon mix||
Watermelon schnapps||
watermelons||
Welch's(R) strawberry breeze||
West Coast Cooler||
West Cost IPA||
wheatgrass||
Whipped cream||
Whipping cream||
whisky sour mix||
Whistle Pig Rye||
White chocolate spirit||
white creme de cacao||
White Creme de Menthe||
White Curacao spirit||
White Lightning(R) cider||
white pepper||
White port||
white sambuca||
Wilcox(R) chocolate milk||
Wild Spirit spirit||
Wild Spirit(R) chocolate raspberry spirit||
wild strawberry spirit||
Wild Turkey||
Wildberry schnapps||
Windsor(R) Canadian whisky||
Woodford Reserve||
Worcestershire sauce||
Wormwood||
wormwood extract||
X-Rated Fusion(R) spirit||
XS Energy Drink - Cola||
x-treme green apple jell-o||
Xyience(R) Big Apple energy drink||
Yamizaki 12 yr||
Yamizaki 18 yr||
Yeast||
Yellow Chartreuse||
Yellow Chartreuse(R)||
yellow lemonade||
Yoghurt||
Yoo-hoo(R) chocolate milk||
Ypioca(R) Ouro Cachaca||
Yukon Jack||
Yukon Jack(R) Canadian whisky||
Yukon Jack(R) Perma Frost schnapps||
Zacapa 23y||
Zaya||
Zen(R) green tea spirit|spirit|
Zima||
Zima(R) XXX Hard Orange||
Zinfandel||
